file,noise,snr,PESQ,PermEn,D2,RR,tau,m,CSI
4507-16021-0047.flac,logistic,-10,1.0357,0.9798,3.632,0.0008,6,8,0.1875
4507-16021-0047.flac,logistic,-5,1.036,0.9772,3.853,0.0011,5,8,0.1767
4507-16021-0047.flac,logistic,0,1.0404,0.9702,3.5506,0.002,9,8,0.1752
4507-16021-0047.flac,logistic,5,1.056,0.9491,3.2434,0.0201,9,6,0.181
4507-16021-0047.flac,logistic,10,1.1127,0.9733,2.1224,0.1001,8,4,0.2019
4507-16021-0047.flac,skew_tent,-10,1.0357,0.9785,3.6801,0.001,7,8,0.1986
4507-16021-0047.flac,skew_tent,-5,1.0374,0.9789,3.6968,0.0012,8,8,0.1867
4507-16021-0047.flac,skew_tent,0,1.046,0.9697,3.5614,0.0022,8,8,0.1801
4507-16021-0047.flac,skew_tent,5,1.0642,0.9384,3.3551,0.0144,9,7,0.1875
4507-16021-0047.flac,skew_tent,10,1.1298,0.9542,2.6332,0.0712,10,5,0.2
4507-16021-0047.flac,henon,-10,1.0533,0.9778,3.6567,0.0016,8,8,0.1947
4507-16021-0047.flac,henon,-5,1.0453,0.9788,3.6715,0.0015,8,8,0.1823
4507-16021-0047.flac,henon,0,1.0499,0.9701,3.3879,0.0023,8,8,0.1789
4507-16021-0047.flac,henon,5,1.0687,0.9439,3.382,0.0088,8,8,0.1823
4507-16021-0047.flac,henon,10,1.1275,0.9475,2.4921,0.0711,8,5,0.2017
4507-16021-0047.flac,bernoulli,-10,4.5383,0.9437,0.0115,0.7834,9,4,0.4484
4507-16021-0047.flac,bernoulli,-5,4.5622,0.9437,0.4986,0.5311,9,4,0.3645
4507-16021-0047.flac,bernoulli,0,4.5814,0.9437,1.1883,0.2834,9,4,0.3084
4507-16021-0047.flac,bernoulli,5,4.5926,0.9437,1.3118,0.1925,9,4,0.301
4507-16021-0047.flac,bernoulli,10,4.5979,0.9437,1.3589,0.1565,9,4,0.2984
4507-16021-0047.flac,ikeda,-10,1.047,0.9768,3.8462,0.0012,5,8,0.1577
4507-16021-0047.flac,ikeda,-5,1.0446,0.9807,3.2619,0.001,9,8,0.1574
4507-16021-0047.flac,ikeda,0,1.0482,0.97,3.5519,0.0021,7,8,0.1541
4507-16021-0047.flac,ikeda,5,1.065,0.9471,3.4096,0.0077,9,8,0.166
4507-16021-0047.flac,ikeda,10,1.1295,0.9746,2.3043,0.1066,9,4,0.1901
4507-16021-0047.flac,lorenz,-10,1.0467,0.9708,1.4433,0.1755,18,3,0.3071
4507-16021-0047.flac,lorenz,-5,1.0721,0.935,1.8773,0.0871,18,4,0.2907
4507-16021-0047.flac,lorenz,0,1.1497,0.9289,1.8854,0.0962,10,4,0.2842
4507-16021-0047.flac,lorenz,5,1.3759,0.9465,1.9119,0.0853,17,4,0.273
4507-16021-0047.flac,lorenz,10,1.7792,0.9514,1.7443,0.0933,18,4,0.2754
4507-16021-0047.flac,rossler,-10,1.0294,0.9057,1.6726,0.1283,27,3,0.3182
4507-16021-0047.flac,rossler,-5,1.0405,0.9234,2.1412,0.0591,20,4,0.2853
4507-16021-0047.flac,rossler,0,1.0707,0.9392,2.2499,0.048,19,4,0.2679
4507-16021-0047.flac,rossler,5,1.1767,0.9195,2.0449,0.0845,10,4,0.2725
4507-16021-0047.flac,rossler,10,1.4324,0.9154,1.8006,0.1218,8,4,0.28
4507-16021-0047.flac,chen,-10,1.0678,0.9032,2.2011,0.0587,11,4,0.27
4507-16021-0047.flac,chen,-5,1.0703,0.9118,2.2696,0.0505,10,4,0.2609
4507-16021-0047.flac,chen,0,1.1152,0.9454,2.2882,0.0519,10,4,0.2502
4507-16021-0047.flac,chen,5,1.2578,0.9702,2.19,0.0737,12,4,0.2489
4507-16021-0047.flac,chen,10,1.5361,0.959,1.9695,0.1099,10,4,0.2607
4507-16021-0047.flac,mackey_glass,-10,1.0742,0.9516,1.6728,0.1169,11,3,0.2736
4507-16021-0047.flac,mackey_glass,-5,1.0938,0.9199,2.1931,0.0698,11,4,0.2588
4507-16021-0047.flac,mackey_glass,0,1.1583,0.9559,2.2526,0.0649,11,4,0.2431
4507-16021-0047.flac,mackey_glass,5,1.3139,0.9626,2.1458,0.0858,11,4,0.2459
4507-16021-0047.flac,mackey_glass,10,1.5767,0.9581,1.9551,0.1066,10,4,0.2566
4507-16021-0047.flac,duffing,-10,1.0309,0.8897,1.8197,0.1154,17,4,0.3472
4507-16021-0047.flac,duffing,-5,1.0497,0.9461,2.059,0.0811,19,4,0.2851
4507-16021-0047.flac,duffing,0,1.1515,0.9662,2.1802,0.0639,19,4,0.2642
4507-16021-0047.flac,duffing,5,1.4025,0.9502,2.1216,0.0662,17,4,0.2626
4507-16021-0047.flac,duffing,10,1.8469,0.9571,1.9465,0.0975,18,4,0.2631
1995-1836-0004.flac,logistic,-10,1.0197,0.9768,3.9696,0.0007,5,8,0.1729
1995-1836-0004.flac,logistic,-5,1.0196,0.9713,4.7026,0.0005,5,8,0.1591
1995-1836-0004.flac,logistic,0,1.0215,0.9495,4.5694,0.0005,11,8,0.1621
1995-1836-0004.flac,logistic,5,1.0282,0.9456,3.1133,0.0074,10,5,0.1819
1995-1836-0004.flac,logistic,10,1.0464,0.9662,2.7072,0.0191,10,4,0.1931
1995-1836-0004.flac,skew_tent,-10,1.0197,0.9773,4.5819,0.0006,7,8,0.176
1995-1836-0004.flac,skew_tent,-5,1.0198,0.9724,4.6459,0.0005,6,8,0.1635
1995-1836-0004.flac,skew_tent,0,1.0233,0.9499,3.8163,0.0004,10,8,0.1711
1995-1836-0004.flac,skew_tent,5,1.0307,0.9448,3.1068,0.0068,10,5,0.1831
1995-1836-0004.flac,skew_tent,10,1.052,0.9653,2.6918,0.0198,10,4,0.1931
1995-1836-0004.flac,henon,-10,1.0242,0.9717,3.6235,0.0007,7,8,0.1803
1995-1836-0004.flac,henon,-5,1.0229,0.9706,4.4943,0.0006,5,8,0.1615
1995-1836-0004.flac,henon,0,1.0251,0.9436,3.6536,0.0007,3,8,0.1716
1995-1836-0004.flac,henon,5,1.0324,0.946,3.1139,0.0075,10,5,0.1816
1995-1836-0004.flac,henon,10,1.0529,0.9642,2.6942,0.0191,10,4,0.1933
1995-1836-0004.flac,bernoulli,-10,4.6275,0.9655,2.2498,0.4459,11,4,0.2553
1995-1836-0004.flac,bernoulli,-5,4.5941,0.9655,1.7944,0.1439,11,4,0.2653
1995-1836-0004.flac,bernoulli,0,4.6437,0.9655,2.1094,0.054,11,4,0.2554
1995-1836-0004.flac,bernoulli,5,4.6438,0.9655,2.2391,0.0333,11,4,0.252
1995-1836-0004.flac,bernoulli,10,4.6439,0.9655,2.2797,0.0291,11,4,0.251
1995-1836-0004.flac,ikeda,-10,1.0243,0.9744,4.1764,0.0006,4,8,0.1491
1995-1836-0004.flac,ikeda,-5,1.0231,0.9697,3.0417,0.0006,4,8,0.1597
1995-1836-0004.flac,ikeda,0,1.0244,0.9427,3.6459,0.0007,4,8,0.1601
1995-1836-0004.flac,ikeda,5,1.0307,0.9512,3.1158,0.0085,11,5,0.1736
1995-1836-0004.flac,ikeda,10,1.0516,0.9651,2.6995,0.0173,10,4,0.1909
1995-1836-0004.flac,lorenz,-10,1.026,0.959,1.9269,0.1045,15,4,0.2873
1995-1836-0004.flac,lorenz,-5,1.0405,0.9795,2.2663,0.0481,17,4,0.2596
1995-1836-0004.flac,lorenz,0,1.0854,0.9728,2.4604,0.0258,11,4,0.2501
1995-1836-0004.flac,lorenz,5,1.2464,0.9698,2.4936,0.0212,11,4,0.2475
1995-1836-0004.flac,lorenz,10,1.5942,0.9655,2.4663,0.021,11,4,0.2482
1995-1836-0004.flac,rossler,-10,1.0217,0.8596,1.9145,0.0844,24,4,0.3371
1995-1836-0004.flac,rossler,-5,1.0323,0.9566,2.2104,0.0424,17,4,0.2711
1995-1836-0004.flac,rossler,0,1.0634,0.9507,2.3445,0.0326,15,4,0.2605
1995-1836-0004.flac,rossler,5,1.1692,0.9533,2.4214,0.0218,10,4,0.2537
1995-1836-0004.flac,rossler,10,1.4774,0.9522,2.4148,0.0224,10,4,0.2522
1995-1836-0004.flac,chen,-10,1.0434,0.9322,2.4636,0.0413,11,4,0.2556
1995-1836-0004.flac,chen,-5,1.039,0.9798,2.6034,0.0267,12,4,0.239
1995-1836-0004.flac,chen,0,1.056,0.979,2.6395,0.0206,11,4,0.2382
1995-1836-0004.flac,chen,5,1.116,0.9627,2.6256,0.0171,10,4,0.2424
1995-1836-0004.flac,chen,10,1.2903,0.9615,2.5538,0.0189,10,4,0.2448
1995-1836-0004.flac,mackey_glass,-10,1.0385,0.9039,2.4789,0.0521,12,4,0.2621
1995-1836-0004.flac,mackey_glass,-5,1.0448,0.9382,2.5772,0.0343,11,4,0.2473
1995-1836-0004.flac,mackey_glass,0,1.0711,0.9507,2.6195,0.0225,10,4,0.2444
1995-1836-0004.flac,mackey_glass,5,1.1574,0.9784,2.6245,0.0167,11,4,0.2398
1995-1836-0004.flac,mackey_glass,10,1.3439,0.9742,2.5149,0.0204,11,4,0.2436
1995-1836-0004.flac,duffing,-10,1.0196,0.9426,2.1347,0.0781,16,4,0.2868
1995-1836-0004.flac,duffing,-5,1.0321,0.9626,2.315,0.0415,13,4,0.2645
1995-1836-0004.flac,duffing,0,1.0943,0.96,2.4958,0.0252,13,4,0.2528
1995-1836-0004.flac,duffing,5,1.322,0.9631,2.5569,0.0208,11,4,0.2467
1995-1836-0004.flac,duffing,10,1.7852,0.963,2.5085,0.0195,11,4,0.2459
7021-79730-0003.flac,logistic,-10,1.0293,0.979,3.3021,0.0012,9,8,0.2168
7021-79730-0003.flac,logistic,-5,1.0286,0.9792,3.3943,0.0024,8,8,0.2155
7021-79730-0003.flac,logistic,0,1.0303,0.9794,3.4901,0.0068,8,8,0.2143
7021-79730-0003.flac,logistic,5,1.0356,0.9794,3.3174,0.0495,10,8,0.2167
7021-79730-0003.flac,logistic,10,1.0538,0.9786,0.0636,0.6699,7,8,0.3974
7021-79730-0003.flac,skew_tent,-10,1.0411,0.9803,3.6792,0.0011,10,8,0.2244
7021-79730-0003.flac,skew_tent,-5,1.0295,0.9803,3.4265,0.0019,10,8,0.2275
7021-79730-0003.flac,skew_tent,0,1.0312,0.9802,3.5356,0.0072,10,8,0.2261
7021-79730-0003.flac,skew_tent,5,1.0377,0.9802,3.3938,0.0692,10,8,0.2282
7021-79730-0003.flac,skew_tent,10,1.0575,0.9805,0.0677,0.6339,10,8,0.4081
7021-79730-0003.flac,henon,-10,1.034,0.978,3.3483,0.0021,17,8,0.2347
7021-79730-0003.flac,henon,-5,1.0311,0.98,3.4226,0.0028,19,8,0.2333
7021-79730-0003.flac,henon,0,1.0324,0.9799,3.4977,0.0117,19,8,0.2324
7021-79730-0003.flac,henon,5,1.0389,0.9797,3.2994,0.0816,19,8,0.2353
7021-79730-0003.flac,henon,10,1.0582,0.9739,0.0723,0.6247,15,8,0.4153
7021-79730-0003.flac,bernoulli,-10,4.5234,0.8968,0,1,6,8,0.6647
7021-79730-0003.flac,bernoulli,-5,4.5305,0.8968,0,1,6,8,0.6647
7021-79730-0003.flac,bernoulli,0,4.5452,0.8968,0,1,6,8,0.6647
7021-79730-0003.flac,bernoulli,5,4.5703,0.8968,0,1,6,8,0.6647
7021-79730-0003.flac,bernoulli,10,4.5888,0.8968,0,1,6,8,0.6647
7021-79730-0003.flac,ikeda,-10,1.0325,0.9795,3.3336,0.0011,11,8,0.1924
7021-79730-0003.flac,ikeda,-5,1.0299,0.9794,4.2454,0.0018,11,8,0.1824
7021-79730-0003.flac,ikeda,0,1.0311,0.9795,3.5534,0.008,11,8,0.1896
7021-79730-0003.flac,ikeda,5,1.0372,0.9794,3.4108,0.0847,11,8,0.1917
7021-79730-0003.flac,ikeda,10,1.0562,0.9795,0.0683,0.628,11,8,0.3719
7021-79730-0003.flac,lorenz,-10,1.0707,0.9989,0.8832,0.3237,15,2,0.3537
7021-79730-0003.flac,lorenz,-5,1.1156,0.9989,0.8295,0.3771,15,2,0.3576
7021-79730-0003.flac,lorenz,0,1.2231,0.9988,0.7799,0.4406,15,2,0.3614
7021-79730-0003.flac,lorenz,5,1.4074,0.9988,0.797,0.6436,15,2,0.3601
7021-79730-0003.flac,lorenz,10,1.7714,0.896,0.0001,0.8336,15,3,0.7048
7021-79730-0003.flac,rossler,-10,1.0571,0.9398,1.2433,0.1842,39,3,0.3583
7021-79730-0003.flac,rossler,-5,1.1022,0.9397,1.2087,0.1901,39,3,0.3601
7021-79730-0003.flac,rossler,0,1.1754,0.9398,1.1085,0.2577,39,3,0.3664
7021-79730-0003.flac,rossler,5,1.3375,0.9398,1.2907,0.4745,39,3,0.3602
7021-79730-0003.flac,rossler,10,1.6626,0.9397,0.0074,0.8364,39,3,0.5045
7021-79730-0003.flac,chen,-10,1.0912,0.8979,1.5728,0.1241,10,3,0.3291
7021-79730-0003.flac,chen,-5,1.1064,0.8979,1.5072,0.1534,10,3,0.339
7021-79730-0003.flac,chen,0,1.1434,0.8979,1.3411,0.2234,10,3,0.3636
7021-79730-0003.flac,chen,5,1.2214,0.8979,1.6693,0.4086,10,3,0.3967
7021-79730-0003.flac,chen,10,1.3923,0.8979,0.0018,0.8483,10,3,0.6624
7021-79730-0003.flac,mackey_glass,-10,1.1021,0.9516,1.4498,0.1458,12,3,0.2944
7021-79730-0003.flac,mackey_glass,-5,1.12,0.9516,1.3868,0.1762,12,3,0.2974
7021-79730-0003.flac,mackey_glass,0,1.1712,0.9516,1.2302,0.2418,12,3,0.3056
7021-79730-0003.flac,mackey_glass,5,1.278,0.9516,1.3804,0.4221,12,3,0.3006
7021-79730-0003.flac,mackey_glass,10,1.463,0.9305,0.0009,0.8373,11,3,0.4601
7021-79730-0003.flac,duffing,-10,1.0551,0.8826,1.2009,0.213,17,3,0.4219
7021-79730-0003.flac,duffing,-5,1.0976,0.8826,1.1411,0.2608,17,3,0.4371
7021-79730-0003.flac,duffing,0,1.1898,0.8826,1.0453,0.349,17,3,0.4645
7021-79730-0003.flac,duffing,5,1.447,0.8827,0.9363,0.5216,17,3,0.5145
7021-79730-0003.flac,duffing,10,1.9061,0.8827,0,0.8692,17,3,0.7221
908-157963-0007.flac,logistic,-10,1.0343,0.9799,3.2988,0.0012,6,8,0.1977
908-157963-0007.flac,logistic,-5,1.0349,0.9788,3.3713,0.0014,5,8,0.1837
908-157963-0007.flac,logistic,0,1.0408,0.9789,3.4891,0.0039,4,8,0.1715
908-157963-0007.flac,logistic,5,1.0536,0.9687,3.4823,0.0214,5,8,0.1675
908-157963-0007.flac,logistic,10,1.1029,0.9645,3.4397,0.1439,3,8,0.168
908-157963-0007.flac,skew_tent,-10,1.0321,0.9792,3.4598,0.0011,9,8,0.2025
908-157963-0007.flac,skew_tent,-5,1.0335,0.9808,3.5496,0.0018,12,8,0.1847
908-157963-0007.flac,skew_tent,0,1.0419,0.9781,3.4951,0.0042,8,8,0.1726
908-157963-0007.flac,skew_tent,5,1.0589,0.9762,3.4914,0.0254,8,8,0.1653
908-157963-0007.flac,skew_tent,10,1.1169,0.9654,3.1714,0.1253,10,8,0.1721
908-157963-0007.flac,henon,-10,1.0396,0.9764,3.3338,0.0014,12,8,0.2072
908-157963-0007.flac,henon,-5,1.0378,0.9775,3.3912,0.0018,11,8,0.1876
908-157963-0007.flac,henon,0,1.0431,0.9713,3.4792,0.0054,8,8,0.1724
908-157963-0007.flac,henon,5,1.0593,0.9718,3.4631,0.0256,5,8,0.164
908-157963-0007.flac,henon,10,1.113,0.961,2.9967,0.1232,5,8,0.1739
908-157963-0007.flac,bernoulli,-10,4.547,0.9227,0.0024,0.9788,5,4,0.4436
908-157963-0007.flac,bernoulli,-5,4.575,0.9227,0.066,0.8585,5,4,0.4263
908-157963-0007.flac,bernoulli,0,4.5961,0.9227,0.2978,0.7107,5,4,0.3816
908-157963-0007.flac,bernoulli,5,4.6139,0.9227,0.4201,0.5543,5,4,0.362
908-157963-0007.flac,bernoulli,10,4.6225,0.9227,0.6594,0.4956,5,4,0.3355
908-157963-0007.flac,ikeda,-10,1.0404,0.979,3.2818,0.0008,7,8,0.1712
908-157963-0007.flac,ikeda,-5,1.0394,0.9799,3.3447,0.0014,8,8,0.1604
908-157963-0007.flac,ikeda,0,1.0437,0.98,3.5007,0.0048,9,8,0.1518
908-157963-0007.flac,ikeda,5,1.0566,0.9747,3.4856,0.03,4,8,0.1522
908-157963-0007.flac,ikeda,10,1.108,0.9597,3.4968,0.1532,2,8,0.1609
908-157963-0007.flac,lorenz,-10,1.0682,0.9457,1.1461,0.2472,17,3,0.3164
908-157963-0007.flac,lorenz,-5,1.1845,0.9297,1.4542,0.197,18,4,0.2873
908-157963-0007.flac,lorenz,0,1.4351,0.9128,1.3607,0.2207,10,4,0.2834
908-157963-0007.flac,lorenz,5,1.8576,0.9703,1.2242,0.3434,2,4,0.2638
908-157963-0007.flac,lorenz,10,2.4331,0.9762,1.3045,0.4016,2,4,0.2548
908-157963-0007.flac,rossler,-10,1.111,0.861,1.1943,0.1983,17,3,0.3843
908-157963-0007.flac,rossler,-5,1.1751,0.8978,1.543,0.1365,23,4,0.3251
908-157963-0007.flac,rossler,0,1.3881,0.8995,1.721,0.2001,10,4,0.3178
908-157963-0007.flac,rossler,5,1.8376,0.8722,1.373,0.3302,5,4,0.3605
908-157963-0007.flac,rossler,10,2.2481,0.9782,1.3818,0.4104,2,4,0.2495
908-157963-0007.flac,chen,-10,1.117,0.88,1.6225,0.1281,9,3,0.3178
908-157963-0007.flac,chen,-5,1.1551,0.8799,2.0437,0.088,10,4,0.2829
908-157963-0007.flac,chen,0,1.2553,0.9366,2.0941,0.1049,12,4,0.2368
908-157963-0007.flac,chen,5,1.4579,0.9143,2.1632,0.1297,10,5,0.2356
908-157963-0007.flac,chen,10,1.797,0.9464,2.302,0.2698,10,5,0.2246
908-157963-0007.flac,mackey_glass,-10,1.1504,0.9584,1.5519,0.1353,12,3,0.2712
908-157963-0007.flac,mackey_glass,-5,1.1621,0.9624,1.6041,0.1372,12,3,0.2555
908-157963-0007.flac,mackey_glass,0,1.3014,0.8919,1.9971,0.1166,13,4,0.2769
908-157963-0007.flac,mackey_glass,5,1.4914,0.93,1.8013,0.1665,13,4,0.2409
908-157963-0007.flac,mackey_glass,10,1.7933,0.9309,1.6626,0.291,10,4,0.2475
908-157963-0007.flac,duffing,-10,1.0929,0.9131,1.7518,0.1259,20,4,0.3041
908-157963-0007.flac,duffing,-5,1.1989,0.935,1.8515,0.118,20,4,0.2745
908-157963-0007.flac,duffing,0,1.4031,0.8893,1.6655,0.1918,10,4,0.321
908-157963-0007.flac,duffing,5,1.8752,0.8686,1.3583,0.2935,5,4,0.3539
908-157963-0007.flac,duffing,10,2.5264,0.9432,1.4738,0.4146,4,4,0.2599
2094-142345-0008.flac,logistic,-10,1.0352,0.9771,4.1745,0.0008,5,8,0.1794
2094-142345-0008.flac,logistic,-5,1.0331,0.9761,3.354,0.0007,5,8,0.1802
2094-142345-0008.flac,logistic,0,1.0345,0.9469,3.2654,0.0011,14,8,0.1839
2094-142345-0008.flac,logistic,5,1.0402,0.9641,2.6387,0.0325,16,4,0.1908
2094-142345-0008.flac,logistic,10,1.069,0.9418,2.3123,0.0566,19,4,0.2124
2094-142345-0008.flac,skew_tent,-10,1.0373,0.977,3.7463,0.0007,7,8,0.1932
2094-142345-0008.flac,skew_tent,-5,1.0366,0.9755,3.9981,0.0007,5,8,0.1803
2094-142345-0008.flac,skew_tent,0,1.0385,0.9608,3.2858,0.0012,5,8,0.1852
2094-142345-0008.flac,skew_tent,5,1.0448,0.9631,2.6657,0.0316,16,4,0.1956
2094-142345-0008.flac,skew_tent,10,1.0748,0.9363,2.3311,0.0508,19,4,0.2167
2094-142345-0008.flac,henon,-10,1.0632,0.9749,3.2938,0.0009,7,8,0.194
2094-142345-0008.flac,henon,-5,1.0405,0.9622,3.1817,0.0008,5,8,0.1898
2094-142345-0008.flac,henon,0,1.0412,0.942,3.2493,0.0018,3,8,0.1892
2094-142345-0008.flac,henon,5,1.0474,0.9899,2.3753,0.0553,3,4,0.1935
2094-142345-0008.flac,henon,10,1.0779,0.9341,2.3041,0.0551,18,4,0.2186
2094-142345-0008.flac,bernoulli,-10,4.5267,0.8958,0.0547,0.6099,17,4,0.6032
2094-142345-0008.flac,bernoulli,-5,4.5474,0.8958,1.2569,0.2941,17,4,0.398
2094-142345-0008.flac,bernoulli,0,4.5737,0.8958,1.451,0.1148,17,4,0.3444
2094-142345-0008.flac,bernoulli,5,4.5926,0.8958,1.531,0.0793,17,4,0.3323
2094-142345-0008.flac,bernoulli,10,4.6055,0.8958,1.5572,0.0669,17,4,0.3282
2094-142345-0008.flac,ikeda,-10,1.0398,0.977,3.8165,0.0007,4,8,0.1545
2094-142345-0008.flac,ikeda,-5,1.0373,0.9762,3.9925,0.0008,4,8,0.1483
2094-142345-0008.flac,ikeda,0,1.038,0.9631,3.292,0.0013,4,8,0.1605
2094-142345-0008.flac,ikeda,5,1.0439,0.932,3.0549,0.0163,17,5,0.1801
2094-142345-0008.flac,ikeda,10,1.0735,0.9322,2.3086,0.0574,21,4,0.2092
2094-142345-0008.flac,lorenz,-10,1.0317,0.9173,1.7715,0.1285,18,4,0.3126
2094-142345-0008.flac,lorenz,-5,1.0529,0.9454,2.0492,0.0769,22,4,0.2836
2094-142345-0008.flac,lorenz,0,1.1227,0.9145,2.2524,0.0439,21,4,0.2787
2094-142345-0008.flac,lorenz,5,1.3149,0.9062,2.2248,0.0401,17,4,0.2786
2094-142345-0008.flac,lorenz,10,1.7043,0.8852,2.0609,0.059,20,4,0.3047
2094-142345-0008.flac,rossler,-10,1.0352,0.9409,1.4499,0.127,28,3,0.3221
2094-142345-0008.flac,rossler,-5,1.0541,0.9008,1.8248,0.0785,17,4,0.3046
2094-142345-0008.flac,rossler,0,1.1107,0.9388,2.0509,0.0474,27,4,0.2793
2094-142345-0008.flac,rossler,5,1.2429,0.9099,2.0063,0.0513,16,4,0.2865
2094-142345-0008.flac,rossler,10,1.5177,0.904,1.949,0.062,23,4,0.2902
2094-142345-0008.flac,chen,-10,1.0661,0.9242,2.3408,0.0446,12,4,0.2646
2094-142345-0008.flac,chen,-5,1.0701,0.9418,2.4546,0.0357,12,4,0.2548
2094-142345-0008.flac,chen,0,1.09,0.9789,2.5484,0.0271,17,4,0.2428
2094-142345-0008.flac,chen,5,1.1823,0.9608,2.473,0.0293,18,4,0.2525
2094-142345-0008.flac,chen,10,1.4067,0.9386,2.2454,0.0454,17,4,0.2672
2094-142345-0008.flac,mackey_glass,-10,1.0646,0.8807,2.1627,0.0781,13,4,0.2993
2094-142345-0008.flac,mackey_glass,-5,1.0803,0.9245,2.3459,0.0507,13,4,0.2593
2094-142345-0008.flac,mackey_glass,0,1.1242,0.9494,2.419,0.0331,13,4,0.2484
2094-142345-0008.flac,mackey_glass,5,1.2452,0.9657,2.3739,0.0352,15,4,0.2503
2094-142345-0008.flac,mackey_glass,10,1.4757,0.9254,2.1233,0.0467,13,4,0.2736
2094-142345-0008.flac,duffing,-10,1.0302,0.94,2.0347,0.0694,27,4,0.302
2094-142345-0008.flac,duffing,-5,1.0543,0.8984,2.1431,0.0623,19,4,0.3108
2094-142345-0008.flac,duffing,0,1.1353,0.9211,2.3137,0.0383,23,4,0.2766
2094-142345-0008.flac,duffing,5,1.3782,0.9157,2.2701,0.0376,23,4,0.2774
2094-142345-0008.flac,duffing,10,1.8104,0.9015,1.9704,0.0485,17,4,0.29
4507-16021-0026.flac,logistic,-10,1.0335,0.9786,3.3067,0.0012,5,8,0.2053
4507-16021-0026.flac,logistic,-5,1.0291,0.9786,3.3893,0.0019,7,8,0.196
4507-16021-0026.flac,logistic,0,1.0348,0.9779,3.503,0.0051,6,8,0.1888
4507-16021-0026.flac,logistic,5,1.0536,0.9745,3.4751,0.0304,6,8,0.1864
4507-16021-0026.flac,logistic,10,1.1237,0.9636,3.5518,0.1765,8,8,0.187
4507-16021-0026.flac,skew_tent,-10,1.0286,0.9789,3.8506,0.001,8,8,0.2095
4507-16021-0026.flac,skew_tent,-5,1.0303,0.98,3.3993,0.0016,8,8,0.2053
4507-16021-0026.flac,skew_tent,0,1.0382,0.9794,3.509,0.0044,8,8,0.1977
4507-16021-0026.flac,skew_tent,5,1.0592,0.9733,3.4857,0.0294,5,8,0.1943
4507-16021-0026.flac,skew_tent,10,1.1382,0.963,3.4272,0.1591,9,8,0.1967
4507-16021-0026.flac,henon,-10,1.0359,0.978,3.3406,0.0017,10,8,0.216
4507-16021-0026.flac,henon,-5,1.0357,0.9791,3.4062,0.0026,13,8,0.2032
4507-16021-0026.flac,henon,0,1.0422,0.9799,3.4996,0.0065,10,8,0.1933
4507-16021-0026.flac,henon,5,1.0618,0.9665,3.4222,0.0292,5,8,0.1929
4507-16021-0026.flac,henon,10,1.1438,0.9415,2.7904,0.1762,3,8,0.2107
4507-16021-0026.flac,bernoulli,-10,4.5282,0.9478,0.0004,0.9799,9,4,0.4829
4507-16021-0026.flac,bernoulli,-5,4.5441,0.9478,0.0252,0.9052,9,4,0.4759
4507-16021-0026.flac,bernoulli,0,4.5691,0.9478,0.1541,0.7199,9,4,0.4462
4507-16021-0026.flac,bernoulli,5,4.5869,0.9478,1.0991,0.6358,9,4,0.3476
4507-16021-0026.flac,bernoulli,10,4.5982,0.9478,1.0322,0.5628,9,4,0.3506
4507-16021-0026.flac,ikeda,-10,1.0357,0.9797,3.8706,0.001,9,8,0.1675
4507-16021-0026.flac,ikeda,-5,1.0345,0.979,3.5775,0.0017,10,8,0.1632
4507-16021-0026.flac,ikeda,0,1.0413,0.9801,3.5197,0.0047,7,8,0.1593
4507-16021-0026.flac,ikeda,5,1.0628,0.9697,3.4598,0.0344,4,8,0.1611
4507-16021-0026.flac,ikeda,10,1.1534,0.9619,3.0017,0.1608,8,8,0.1751
4507-16021-0026.flac,lorenz,-10,1.042,0.9437,1.1669,0.2461,16,3,0.3452
4507-16021-0026.flac,lorenz,-5,1.0701,0.957,1.1421,0.2675,14,3,0.3354
4507-16021-0026.flac,lorenz,0,1.1603,0.951,1.5751,0.1945,13,4,0.3069
4507-16021-0026.flac,lorenz,5,1.3919,0.9722,1.55,0.2273,13,4,0.2924
4507-16021-0026.flac,lorenz,10,1.7819,0.9722,0.8902,0.3343,12,4,0.3239
4507-16021-0026.flac,rossler,-10,1.028,0.8932,1.2902,0.1692,27,3,0.3957
4507-16021-0026.flac,rossler,-5,1.0388,0.9184,1.4211,0.1851,31,3,0.334
4507-16021-0026.flac,rossler,0,1.0718,0.8872,1.7733,0.1631,26,4,0.3524
4507-16021-0026.flac,rossler,5,1.1917,0.9445,1.8845,0.2411,15,4,0.2859
4507-16021-0026.flac,rossler,10,1.4723,0.9602,0.6742,0.3485,13,4,0.3408
4507-16021-0026.flac,chen,-10,1.0742,0.8878,2.0329,0.0735,11,4,0.3015
4507-16021-0026.flac,chen,-5,1.0703,0.8986,2.09,0.0757,11,4,0.296
4507-16021-0026.flac,chen,0,1.1255,0.9329,2.0669,0.1021,11,4,0.2682
4507-16021-0026.flac,chen,5,1.2839,0.9423,2.3115,0.1812,10,4,0.2596
4507-16021-0026.flac,chen,10,1.5617,0.985,2.3728,0.3437,12,4,0.2481
4507-16021-0026.flac,mackey_glass,-10,1.0681,0.9451,1.5082,0.1391,11,3,0.2902
4507-16021-0026.flac,mackey_glass,-5,1.0937,0.9692,1.5748,0.1435,12,3,0.2768
4507-16021-0026.flac,mackey_glass,0,1.1683,0.9077,1.8944,0.1305,12,4,0.2785
4507-16021-0026.flac,mackey_glass,5,1.3216,0.9172,1.443,0.2219,10,4,0.2907
4507-16021-0026.flac,mackey_glass,10,1.5784,0.9259,1.2872,0.374,10,4,0.3
4507-16021-0026.flac,duffing,-10,1.0294,0.9584,1.48,0.1463,32,3,0.3294
4507-16021-0026.flac,duffing,-5,1.0523,0.8944,1.6303,0.1641,15,4,0.3711
4507-16021-0026.flac,duffing,0,1.1707,0.9527,1.6649,0.1938,14,4,0.3051
4507-16021-0026.flac,duffing,5,1.4356,0.9784,1.4368,0.2363,14,4,0.2963
4507-16021-0026.flac,duffing,10,1.8771,0.9877,0.8713,0.3325,13,4,0.321
672-122797-0008.flac,logistic,-10,1.0494,0.9718,4.523,0.0003,4,8,0.1582
672-122797-0008.flac,logistic,-5,1.0489,0.9625,0.3811,0.0002,4,8,0.2934
672-122797-0008.flac,logistic,0,1.0532,0.9415,2.9154,0.001,4,6,0.1859
672-122797-0008.flac,logistic,5,1.0795,0.9264,2.6027,0.0006,11,6,0.2071
672-122797-0008.flac,logistic,10,1.1963,0.9562,2.5753,0.0087,4,4,0.2176
672-122797-0008.flac,skew_tent,-10,1.0536,0.9771,4.6218,0.0004,5,8,0.1566
672-122797-0008.flac,skew_tent,-5,1.0527,0.9634,4.7457,0.0001,4,8,0.1554
672-122797-0008.flac,skew_tent,0,1.0571,0.9415,3.3208,0.0011,4,6,0.18
672-122797-0008.flac,skew_tent,5,1.0831,0.9694,2.7104,0.0074,4,4,0.1928
672-122797-0008.flac,skew_tent,10,1.194,0.9535,2.5711,0.0024,13,5,0.2141
672-122797-0008.flac,henon,-10,1.0687,0.9516,3.7348,0.0006,3,8,0.1701
672-122797-0008.flac,henon,-5,1.0631,0.9613,4.5274,0.0002,3,8,0.1579
672-122797-0008.flac,henon,0,1.0658,0.9816,2.972,0.0025,3,5,0.1751
672-122797-0008.flac,henon,5,1.0974,0.9196,2.6013,0.0009,11,6,0.2075
672-122797-0008.flac,henon,10,1.2218,0.907,2.4543,0.0015,12,6,0.2292
672-122797-0008.flac,bernoulli,-10,4.5249,0.9703,1.786,0.1286,11,4,0.2581
672-122797-0008.flac,bernoulli,-5,4.5471,0.9703,2.1558,0.041,11,4,0.247
672-122797-0008.flac,bernoulli,0,4.5695,0.9703,2.3122,0.0173,11,4,0.243
672-122797-0008.flac,bernoulli,5,4.583,0.9703,2.3419,0.0101,11,4,0.2423
672-122797-0008.flac,bernoulli,10,4.587,0.9703,2.3397,0.0076,11,4,0.2423
672-122797-0008.flac,ikeda,-10,1.0605,0.9644,4.1815,0.0004,3,8,0.1465
672-122797-0008.flac,ikeda,-5,1.0564,0.9628,4.8994,0.0002,4,8,0.1443
672-122797-0008.flac,ikeda,0,1.0588,0.9714,2.9676,0.0022,4,5,0.1729
672-122797-0008.flac,ikeda,5,1.0873,0.9706,2.7057,0.0076,4,4,0.1926
672-122797-0008.flac,ikeda,10,1.2003,0.954,2.5831,0.0023,11,5,0.2172
672-122797-0008.flac,lorenz,-10,1.0618,0.9652,2.7251,0.0152,19,5,0.2409
672-122797-0008.flac,lorenz,-5,1.1155,0.9795,2.6297,0.0127,15,4,0.2342
672-122797-0008.flac,lorenz,0,1.222,0.9643,2.623,0.0022,19,5,0.2368
672-122797-0008.flac,lorenz,5,1.4168,0.949,2.5233,0.0029,12,5,0.243
672-122797-0008.flac,lorenz,10,1.8129,0.9484,2.4407,0.0035,11,5,0.2453
672-122797-0008.flac,rossler,-10,1.0695,0.9519,2.4624,0.0278,15,4,0.2491
672-122797-0008.flac,rossler,-5,1.1103,0.958,2.6971,0.0051,18,5,0.2388
672-122797-0008.flac,rossler,0,1.2236,0.8965,2.4971,0.0028,12,6,0.2572
672-122797-0008.flac,rossler,5,1.426,0.941,2.5217,0.0026,14,5,0.2447
672-122797-0008.flac,rossler,10,1.7395,0.9384,2.4398,0.0031,13,5,0.2474
672-122797-0008.flac,chen,-10,1.0998,0.9703,2.9477,0.0063,12,5,0.2263
672-122797-0008.flac,chen,-5,1.139,0.9511,1.7205,0.0005,12,8,0.2584
672-122797-0008.flac,chen,0,1.1642,0.9259,1.9483,0.0009,13,7,0.2598
672-122797-0008.flac,chen,5,1.2714,0.9316,2.4222,0.0162,4,4,0.2488
672-122797-0008.flac,chen,10,1.5185,0.9484,2.4477,0.0027,13,5,0.2451
672-122797-0008.flac,mackey_glass,-10,1.1289,0.9661,2.6122,0.0233,12,4,0.2311
672-122797-0008.flac,mackey_glass,-5,1.1486,0.9318,2.6924,0.0014,11,7,0.2371
672-122797-0008.flac,mackey_glass,0,1.2042,0.9339,2.5759,0.0016,11,6,0.2421
672-122797-0008.flac,mackey_glass,5,1.3291,0.9593,2.5321,0.0027,13,5,0.2385
672-122797-0008.flac,mackey_glass,10,1.5657,0.9354,2.4388,0.0095,4,4,0.2476
672-122797-0008.flac,duffing,-10,1.0582,0.9639,2.7032,0.0106,17,5,0.2419
672-122797-0008.flac,duffing,-5,1.1025,0.9538,2.713,0.0061,14,5,0.2389
672-122797-0008.flac,duffing,0,1.2014,0.895,2.3248,0.0013,13,7,0.2606
672-122797-0008.flac,duffing,5,1.4803,0.8853,2.3659,0.0017,13,6,0.2627
672-122797-0008.flac,duffing,10,1.952,0.9438,2.4325,0.0031,12,5,0.2469
2094-142345-0010.flac,logistic,-10,1.028,0.9804,3.3222,0.0012,6,8,0.2005
2094-142345-0010.flac,logistic,-5,1.0276,0.9804,3.3778,0.0017,5,8,0.1946
2094-142345-0010.flac,logistic,0,1.0299,0.9731,3.4585,0.0039,8,8,0.1902
2094-142345-0010.flac,logistic,5,1.0396,0.9758,3.412,0.0209,7,8,0.1863
2094-142345-0010.flac,logistic,10,1.083,0.9704,3.2295,0.1625,7,8,0.1928
2094-142345-0010.flac,skew_tent,-10,1.031,0.9797,3.8682,0.001,9,8,0.2085
2094-142345-0010.flac,skew_tent,-5,1.0307,0.9809,3.3886,0.0015,7,8,0.207
2094-142345-0010.flac,skew_tent,0,1.0334,0.9777,3.4747,0.0036,8,8,0.1983
2094-142345-0010.flac,skew_tent,5,1.0445,0.97,3.4331,0.0248,5,8,0.196
2094-142345-0010.flac,skew_tent,10,1.0871,0.9729,2.9765,0.1271,12,8,0.2023
2094-142345-0010.flac,henon,-10,1.0378,0.9707,3.4822,0.0015,9,8,0.2129
2094-142345-0010.flac,henon,-5,1.035,0.9733,3.5267,0.0022,9,8,0.2031
2094-142345-0010.flac,henon,0,1.0371,0.9737,3.4434,0.0042,9,8,0.1967
2094-142345-0010.flac,henon,5,1.0481,0.9769,3.4108,0.0226,11,8,0.1919
2094-142345-0010.flac,henon,10,1.0938,0.9763,2.9655,0.1531,12,8,0.2005
2094-142345-0010.flac,bernoulli,-10,4.521,0.9837,0.0032,0.9013,8,4,0.474
2094-142345-0010.flac,bernoulli,-5,4.5541,0.9837,0.6142,0.6797,8,4,0.3788
2094-142345-0010.flac,bernoulli,0,4.5792,0.9837,0.5861,0.4698,8,4,0.3807
2094-142345-0010.flac,bernoulli,5,4.5957,0.9837,0.6527,0.4336,8,4,0.3742
2094-142345-0010.flac,bernoulli,10,4.6141,0.9837,0.6813,0.3826,8,4,0.3714
2094-142345-0010.flac,ikeda,-10,1.0336,0.9802,3.6819,0.0009,11,8,0.1687
2094-142345-0010.flac,ikeda,-5,1.0314,0.9805,3.5547,0.0016,7,8,0.1645
2094-142345-0010.flac,ikeda,0,1.0325,0.978,3.4714,0.0045,6,8,0.1635
2094-142345-0010.flac,ikeda,5,1.0433,0.9761,3.4302,0.0268,8,8,0.1663
2094-142345-0010.flac,ikeda,10,1.0818,0.9653,2.9694,0.147,7,8,0.1851
2094-142345-0010.flac,lorenz,-10,1.031,0.9254,1.3478,0.2018,14,3,0.3287
2094-142345-0010.flac,lorenz,-5,1.0553,0.9365,1.7788,0.1076,16,4,0.2981
2094-142345-0010.flac,lorenz,0,1.1278,0.951,1.8258,0.1069,19,4,0.2895
2094-142345-0010.flac,lorenz,5,1.3124,0.9615,1.6979,0.1431,19,4,0.2958
2094-142345-0010.flac,lorenz,10,1.6985,0.959,1.6136,0.193,19,5,0.3083
2094-142345-0010.flac,rossler,-10,1.0349,0.8996,1.5341,0.1578,26,3,0.3687
2094-142345-0010.flac,rossler,-5,1.0568,0.8676,1.9531,0.0953,23,4,0.3364
2094-142345-0010.flac,rossler,0,1.1228,0.8924,1.9583,0.0971,23,4,0.3259
2094-142345-0010.flac,rossler,5,1.2803,0.9175,1.7701,0.1446,20,4,0.3057
2094-142345-0010.flac,rossler,10,1.5767,0.9066,1.5946,0.209,17,5,0.3234
2094-142345-0010.flac,chen,-10,1.0467,0.8844,2.0996,0.0644,11,4,0.2978
2094-142345-0010.flac,chen,-5,1.0548,0.9157,2.1503,0.0652,11,4,0.2714
2094-142345-0010.flac,chen,0,1.0889,0.9383,2.0504,0.081,10,4,0.268
2094-142345-0010.flac,chen,5,1.1881,0.9589,2.225,0.0934,14,5,0.2622
2094-142345-0010.flac,chen,10,1.4286,0.9666,1.9151,0.2051,14,5,0.2804
2094-142345-0010.flac,mackey_glass,-10,1.0588,0.9529,1.56,0.1311,12,3,0.2829
2094-142345-0010.flac,mackey_glass,-5,1.0741,0.8638,1.9807,0.0819,12,4,0.3068
2094-142345-0010.flac,mackey_glass,0,1.1208,0.9161,1.9627,0.0932,12,4,0.2746
2094-142345-0010.flac,mackey_glass,5,1.2465,0.9167,2.0141,0.1061,12,5,0.2774
2094-142345-0010.flac,mackey_glass,10,1.5071,0.9534,1.6965,0.2222,14,5,0.2875
2094-142345-0010.flac,duffing,-10,1.0311,0.9326,1.4072,0.1698,20,3,0.3321
2094-142345-0010.flac,duffing,-5,1.058,0.9478,1.4165,0.1754,14,3,0.3184
2094-142345-0010.flac,duffing,0,1.1424,0.9507,1.8106,0.1074,18,4,0.2978
2094-142345-0010.flac,duffing,5,1.3952,0.9627,1.7083,0.1694,19,4,0.3003
2094-142345-0010.flac,duffing,10,1.8362,0.95,1.4701,0.2516,17,5,0.3191
121-123859-0002.flac,logistic,-10,1.0238,0.9797,3.296,0.0012,5,8,0.1987
121-123859-0002.flac,logistic,-5,1.0262,0.9805,3.3904,0.0019,5,8,0.1856
121-123859-0002.flac,logistic,0,1.0343,0.9811,3.5031,0.0043,4,8,0.1725
121-123859-0002.flac,logistic,5,1.0559,0.9742,3.5104,0.0241,4,8,0.166
121-123859-0002.flac,logistic,10,1.1402,0.9585,3.2161,0.1135,4,8,0.173
121-123859-0002.flac,skew_tent,-10,1.0237,0.978,3.8706,0.0012,10,8,0.204
121-123859-0002.flac,skew_tent,-5,1.027,0.98,3.416,0.0016,9,8,0.1932
121-123859-0002.flac,skew_tent,0,1.0365,0.9784,3.5161,0.0051,7,8,0.1772
121-123859-0002.flac,skew_tent,5,1.0587,0.9745,3.4901,0.0264,3,8,0.1681
121-123859-0002.flac,skew_tent,10,1.1413,0.9668,3.1433,0.1297,3,8,0.1727
121-123859-0002.flac,henon,-10,1.0295,0.9748,3.3386,0.0017,13,8,0.2092
121-123859-0002.flac,henon,-5,1.0321,0.9738,3.4023,0.0025,9,8,0.1921
121-123859-0002.flac,henon,0,1.0419,0.9587,3.4814,0.0051,5,8,0.1799
121-123859-0002.flac,henon,5,1.0671,0.9358,3.5397,0.0257,3,8,0.1763
121-123859-0002.flac,henon,10,1.1575,0.9471,3.1502,0.1212,3,8,0.177
121-123859-0002.flac,bernoulli,-10,4.6031,0.9141,0,0.9986,4,4,0.4541
121-123859-0002.flac,bernoulli,-5,4.5993,0.9276,0.0029,0.8669,19,5,0.4443
121-123859-0002.flac,bernoulli,0,4.6358,0.9276,0.1469,0.536,19,5,0.407
121-123859-0002.flac,bernoulli,5,4.6439,0.9276,2.3079,0.3294,19,5,0.2608
121-123859-0002.flac,bernoulli,10,4.6439,0.9276,2.0886,0.2582,19,5,0.2649
121-123859-0002.flac,ikeda,-10,1.0283,0.9807,3.6883,0.001,8,8,0.1659
121-123859-0002.flac,ikeda,-5,1.0306,0.9791,3.5731,0.0016,7,8,0.1582
121-123859-0002.flac,ikeda,0,1.04,0.9733,3.5054,0.005,4,8,0.1536
121-123859-0002.flac,ikeda,5,1.0684,0.9724,3.4959,0.0258,4,8,0.1519
121-123859-0002.flac,ikeda,10,1.1651,0.9605,3.1705,0.1084,4,8,0.1633
121-123859-0002.flac,lorenz,-10,1.0371,0.9405,1.1823,0.2575,17,3,0.3365
121-123859-0002.flac,lorenz,-5,1.0666,0.9608,1.31,0.2348,18,3,0.3127
121-123859-0002.flac,lorenz,0,1.1446,0.9694,1.9112,0.1622,21,4,0.2761
121-123859-0002.flac,lorenz,5,1.299,0.9466,1.7848,0.1719,17,4,0.2785
121-123859-0002.flac,lorenz,10,1.5824,0.891,1.0621,0.4101,4,4,0.419
121-123859-0002.flac,rossler,-10,1.0295,0.9363,1.3829,0.1563,31,3,0.3294
121-123859-0002.flac,rossler,-5,1.049,0.9386,1.5478,0.1512,30,3,0.3072
121-123859-0002.flac,rossler,0,1.1211,0.8462,1.3836,0.3263,4,4,0.4018
121-123859-0002.flac,rossler,5,1.3273,0.8758,1.0123,0.3734,4,4,0.4155
121-123859-0002.flac,rossler,10,1.7195,0.8947,1.468,0.4237,4,4,0.3948
121-123859-0002.flac,chen,-10,1.0576,0.8734,2.0754,0.0717,11,4,0.3004
121-123859-0002.flac,chen,-5,1.0561,0.9026,2.2058,0.0743,12,4,0.2684
121-123859-0002.flac,chen,0,1.0834,0.9567,2.2387,0.0919,14,4,0.2484
121-123859-0002.flac,chen,5,1.1732,0.9806,2.4518,0.1128,18,5,0.2364
121-123859-0002.flac,chen,10,1.3605,0.963,2.7406,0.1949,15,5,0.2347
121-123859-0002.flac,mackey_glass,-10,1.0534,0.9352,1.5221,0.1467,11,3,0.2887
121-123859-0002.flac,mackey_glass,-5,1.0683,0.943,1.59,0.1473,11,3,0.2763
121-123859-0002.flac,mackey_glass,0,1.1162,0.8973,2.0841,0.1091,13,4,0.2898
121-123859-0002.flac,mackey_glass,5,1.2213,0.9057,2.2604,0.1142,12,5,0.2543
121-123859-0002.flac,mackey_glass,10,1.4233,0.9215,2.7662,0.0916,14,7,0.239
121-123859-0002.flac,duffing,-10,1.0307,0.8633,1.6476,0.1504,19,4,0.3732
121-123859-0002.flac,duffing,-5,1.0591,0.9017,1.8558,0.1384,20,4,0.3089
121-123859-0002.flac,duffing,0,1.1745,0.9431,1.8621,0.1304,21,4,0.2821
121-123859-0002.flac,duffing,5,1.427,0.8839,1.0929,0.3354,4,4,0.4003
121-123859-0002.flac,duffing,10,1.7978,0.9076,1.2149,0.41,4,4,0.3068
4970-29093-0006.flac,logistic,-10,1.0335,0.9797,3.6468,0.001,6,8,0.189
4970-29093-0006.flac,logistic,-5,1.0411,0.9787,3.326,0.0009,5,8,0.187
4970-29093-0006.flac,logistic,0,1.0584,0.9748,3.3754,0.0023,5,8,0.1841
4970-29093-0006.flac,logistic,5,1.0902,0.9643,3.3647,0.01,5,8,0.1868
4970-29093-0006.flac,logistic,10,1.1914,0.9766,2.2245,0.1324,5,5,0.2118
4970-29093-0006.flac,skew_tent,-10,1.0371,0.9801,3.1755,0.0007,7,8,0.2028
4970-29093-0006.flac,skew_tent,-5,1.0504,0.9783,3.6906,0.001,5,8,0.1896
4970-29093-0006.flac,skew_tent,0,1.0703,0.9775,3.4006,0.0024,5,8,0.19
4970-29093-0006.flac,skew_tent,5,1.1033,0.9671,3.3888,0.0122,5,8,0.1937
4970-29093-0006.flac,skew_tent,10,1.2104,0.9488,2.256,0.1345,6,5,0.2249
4970-29093-0006.flac,henon,-10,1.0496,0.9777,3.3229,0.0013,8,8,0.1983
4970-29093-0006.flac,henon,-5,1.0592,0.9781,3.2858,0.0013,11,8,0.1916
4970-29093-0006.flac,henon,0,1.0752,0.9704,3.3703,0.0031,5,8,0.1887
4970-29093-0006.flac,henon,5,1.1029,0.9408,3.229,0.0152,3,8,0.1996
4970-29093-0006.flac,henon,10,1.2053,0.9915,1.7213,0.1726,3,4,0.2252
4970-29093-0006.flac,bernoulli,-10,4.5812,0.8825,0.0511,0.759,5,4,0.6649
4970-29093-0006.flac,bernoulli,-5,4.5638,0.8825,0.6363,0.4596,5,4,0.505
4970-29093-0006.flac,bernoulli,0,4.6281,0.8825,0.8391,0.3248,5,4,0.4544
4970-29093-0006.flac,bernoulli,5,4.6401,0.8825,0.9117,0.2776,5,4,0.4375
4970-29093-0006.flac,bernoulli,10,4.6439,0.8825,0.9384,0.2907,5,4,0.439
4970-29093-0006.flac,ikeda,-10,1.0462,0.9726,3.1753,0.0007,6,8,0.1686
4970-29093-0006.flac,ikeda,-5,1.0547,0.9729,3.4845,0.001,5,8,0.161
4970-29093-0006.flac,ikeda,0,1.0721,0.9713,3.3741,0.002,5,8,0.162
4970-29093-0006.flac,ikeda,5,1.1083,0.9629,3.3726,0.0125,5,8,0.17
4970-29093-0006.flac,ikeda,10,1.2194,0.9714,2.2449,0.1267,5,5,0.2018
4970-29093-0006.flac,lorenz,-10,1.0413,0.9693,1.122,0.228,17,3,0.3302
4970-29093-0006.flac,lorenz,-5,1.0743,0.8562,1.1837,0.2233,5,4,0.4097
4970-29093-0006.flac,lorenz,0,1.1676,0.8603,1.1734,0.2071,5,4,0.4052
4970-29093-0006.flac,lorenz,5,1.373,0.8294,1.2346,0.2108,5,5,0.4113
4970-29093-0006.flac,lorenz,10,1.6908,0.8098,1.0759,0.2091,6,4,0.4284
4970-29093-0006.flac,rossler,-10,1.0337,0.8789,1.2393,0.1917,21,3,0.3975
4970-29093-0006.flac,rossler,-5,1.0544,0.8001,1.2069,0.2175,5,4,0.4202
4970-29093-0006.flac,rossler,0,1.1113,0.8218,1.2416,0.1986,5,4,0.4058
4970-29093-0006.flac,rossler,5,1.2889,0.7322,1.3803,0.1795,6,5,0.4177
4970-29093-0006.flac,rossler,10,1.6151,0.8545,1.0952,0.213,5,4,0.4119
4970-29093-0006.flac,chen,-10,1.0594,0.9142,2.1881,0.0578,11,4,0.2624
4970-29093-0006.flac,chen,-5,1.067,0.9214,2.2474,0.056,10,4,0.2573
4970-29093-0006.flac,chen,0,1.1173,0.8933,2.8296,0.0123,10,8,0.2574
4970-29093-0006.flac,chen,5,1.2447,0.899,2.6989,0.0237,10,8,0.2699
4970-29093-0006.flac,chen,10,1.4862,0.9339,1.9199,0.1444,10,5,0.2887
4970-29093-0006.flac,mackey_glass,-10,1.0694,0.9379,1.6456,0.1236,10,3,0.2727
4970-29093-0006.flac,mackey_glass,-5,1.1006,0.8913,2.0907,0.0725,10,4,0.2852
4970-29093-0006.flac,mackey_glass,0,1.1756,0.9293,2.1112,0.073,10,4,0.2615
4970-29093-0006.flac,mackey_glass,5,1.3306,0.8473,1.7927,0.1182,6,4,0.3272
4970-29093-0006.flac,mackey_glass,10,1.5769,0.8906,2.0703,0.0907,10,6,0.3148
4970-29093-0006.flac,duffing,-10,1.0359,0.7896,1.4064,0.208,5,4,0.4014
4970-29093-0006.flac,duffing,-5,1.0706,0.8225,1.5017,0.1666,5,4,0.3748
4970-29093-0006.flac,duffing,0,1.1985,0.8359,1.5049,0.1636,5,4,0.3693
4970-29093-0006.flac,duffing,5,1.4759,0.8468,1.4067,0.1744,5,4,0.376
4970-29093-0006.flac,duffing,10,1.8346,0.854,1.2428,0.2133,5,4,0.3972
5105-28241-0015.flac,logistic,-10,1.0311,0.9784,3.4698,0.0013,6,8,0.2068
5105-28241-0015.flac,logistic,-5,1.0338,0.9797,3.54,0.0019,7,8,0.1995
5105-28241-0015.flac,logistic,0,1.042,0.9797,3.4924,0.0051,7,8,0.1936
5105-28241-0015.flac,logistic,5,1.0683,0.977,3.4313,0.0281,7,8,0.1916
5105-28241-0015.flac,logistic,10,1.1588,0.974,4.3515,0.3225,7,8,0.183
5105-28241-0015.flac,skew_tent,-10,1.033,0.9793,3.677,0.0009,11,8,0.2145
5105-28241-0015.flac,skew_tent,-5,1.0374,0.9771,3.4134,0.0017,8,8,0.2105
5105-28241-0015.flac,skew_tent,0,1.0449,0.9778,3.5244,0.0052,9,8,0.2027
5105-28241-0015.flac,skew_tent,5,1.0703,0.975,3.4585,0.0405,8,8,0.1979
5105-28241-0015.flac,skew_tent,10,1.1503,0.9693,4.4163,0.2902,8,8,0.1889
5105-28241-0015.flac,henon,-10,1.0402,0.9758,3.8355,0.0016,10,8,0.2144
5105-28241-0015.flac,henon,-5,1.0417,0.9785,3.4054,0.0023,16,8,0.2102
5105-28241-0015.flac,henon,0,1.0499,0.9763,3.488,0.008,11,8,0.2008
5105-28241-0015.flac,henon,5,1.0803,0.975,3.3908,0.0451,11,8,0.1966
5105-28241-0015.flac,henon,10,1.1704,0.9722,4.4664,0.2685,10,8,0.1858
5105-28241-0015.flac,bernoulli,-10,4.5205,0.993,0.0003,0.9973,3,4,0.4685
5105-28241-0015.flac,bernoulli,-5,4.5375,0.993,0.0094,0.8976,3,4,0.4661
5105-28241-0015.flac,bernoulli,0,4.5628,0.993,0.4009,0.793,3,4,0.3967
5105-28241-0015.flac,bernoulli,5,4.5807,0.993,0.3508,0.7606,3,4,0.4032
5105-28241-0015.flac,bernoulli,10,4.5915,0.993,0.3423,0.7958,3,4,0.4045
5105-28241-0015.flac,ikeda,-10,1.0392,0.9798,3.3644,0.0012,8,8,0.1803
5105-28241-0015.flac,ikeda,-5,1.0402,0.9785,3.4316,0.0018,11,8,0.1733
5105-28241-0015.flac,ikeda,0,1.0471,0.978,3.533,0.0063,11,8,0.1668
5105-28241-0015.flac,ikeda,5,1.0775,0.9735,3.4101,0.0477,4,8,0.167
5105-28241-0015.flac,ikeda,10,1.16,0.9673,1.0188,0.3169,4,8,0.2404
5105-28241-0015.flac,lorenz,-10,1.0532,0.9372,1.1953,0.2303,16,3,0.335
5105-28241-0015.flac,lorenz,-5,1.1042,0.9474,1.3668,0.2537,16,3,0.3138
5105-28241-0015.flac,lorenz,0,1.2174,0.9222,1.2084,0.2704,13,3,0.3215
5105-28241-0015.flac,lorenz,5,1.4115,0.9013,1.2598,0.2927,13,4,0.3244
5105-28241-0015.flac,lorenz,10,1.7461,0.9397,0.7159,0.4737,12,4,0.3538
5105-28241-0015.flac,rossler,-10,1.0421,0.9147,1.4766,0.1598,26,3,0.3274
5105-28241-0015.flac,rossler,-5,1.0804,0.9252,1.5607,0.1569,32,3,0.3071
5105-28241-0015.flac,rossler,0,1.1628,0.9215,1.4986,0.1753,25,3,0.3004
5105-28241-0015.flac,rossler,5,1.3505,0.8757,1.0433,0.4114,3,4,0.4297
5105-28241-0015.flac,rossler,10,1.6816,0.9062,0.598,0.5571,3,4,0.3683
5105-28241-0015.flac,chen,-10,1.071,0.9236,1.6355,0.1205,11,3,0.285
5105-28241-0015.flac,chen,-5,1.0882,0.9268,1.6208,0.1277,11,3,0.2796
5105-28241-0015.flac,chen,0,1.1434,0.8944,1.8872,0.1066,11,4,0.2983
5105-28241-0015.flac,chen,5,1.296,0.9228,2.0021,0.1566,13,5,0.2618
5105-28241-0015.flac,chen,10,1.5945,0.901,0.6601,0.4091,11,5,0.3464
5105-28241-0015.flac,mackey_glass,-10,1.0964,0.9383,1.4739,0.1501,11,3,0.2882
5105-28241-0015.flac,mackey_glass,-5,1.1346,0.9407,1.4694,0.1586,11,3,0.2814
5105-28241-0015.flac,mackey_glass,0,1.2282,0.9486,1.3871,0.1985,11,3,0.2765
5105-28241-0015.flac,mackey_glass,5,1.407,0.8891,1.7547,0.2429,12,4,0.334
5105-28241-0015.flac,mackey_glass,10,1.7098,0.8943,1.8863,0.4067,12,5,0.3733
5105-28241-0015.flac,duffing,-10,1.0485,0.8925,1.6825,0.1371,20,4,0.36
5105-28241-0015.flac,duffing,-5,1.0922,0.8971,1.6759,0.1524,18,4,0.3508
5105-28241-0015.flac,duffing,0,1.2197,0.9393,1.6194,0.1752,20,4,0.2973
5105-28241-0015.flac,duffing,5,1.4792,0.8857,0.9299,0.4408,3,4,0.4483
5105-28241-0015.flac,duffing,10,1.8416,0.9133,0.6261,0.581,3,4,0.3698
3729-6852-0033.flac,logistic,-10,1.0297,0.977,3.3115,0.0012,6,8,0.216
3729-6852-0033.flac,logistic,-5,1.0335,0.9799,3.4005,0.0019,8,8,0.2121
3729-6852-0033.flac,logistic,0,1.0461,0.9791,3.4969,0.0071,7,8,0.207
3729-6852-0033.flac,logistic,5,1.076,0.9791,3.5256,0.0564,5,8,0.2007
3729-6852-0033.flac,logistic,10,1.1822,0.9811,0.2432,0.5946,7,8,0.34
3729-6852-0033.flac,skew_tent,-10,1.0313,0.9778,3.854,0.001,11,8,0.2223
3729-6852-0033.flac,skew_tent,-5,1.0376,0.9795,3.4201,0.002,8,8,0.2253
3729-6852-0033.flac,skew_tent,0,1.0537,0.9809,3.5397,0.0067,9,8,0.22
3729-6852-0033.flac,skew_tent,5,1.0876,0.9813,3.4401,0.0616,7,8,0.2146
3729-6852-0033.flac,skew_tent,10,1.1957,0.9802,0.1329,0.5104,7,8,0.3717
3729-6852-0033.flac,henon,-10,1.0449,0.978,3.3524,0.0015,14,8,0.2334
3729-6852-0033.flac,henon,-5,1.0495,0.978,3.4284,0.0029,14,8,0.2287
3729-6852-0033.flac,henon,0,1.0603,0.9772,3.4999,0.0112,15,8,0.2214
3729-6852-0033.flac,henon,5,1.0891,0.9786,3.3454,0.07,14,8,0.2135
3729-6852-0033.flac,henon,10,1.1881,0.9804,0.1242,0.5106,11,8,0.3685
3729-6852-0033.flac,bernoulli,-10,4.5265,0.988,0,1,8,5,0.4398
3729-6852-0033.flac,bernoulli,-5,4.5574,0.988,0,1,8,5,0.4398
3729-6852-0033.flac,bernoulli,0,4.5811,0.988,0,1,8,5,0.4398
3729-6852-0033.flac,bernoulli,5,4.5972,0.988,0,0.9991,8,5,0.4398
3729-6852-0033.flac,bernoulli,10,4.6156,0.988,0,0.998,8,5,0.4398
3729-6852-0033.flac,ikeda,-10,1.0363,0.9792,3.3718,0.0011,11,8,0.187
3729-6852-0033.flac,ikeda,-5,1.04,0.982,3.4587,0.0025,9,8,0.1828
3729-6852-0033.flac,ikeda,0,1.055,0.979,3.5502,0.0091,7,8,0.1775
3729-6852-0033.flac,ikeda,5,1.0908,0.9808,3.0133,0.0802,9,8,0.1774
3729-6852-0033.flac,ikeda,10,1.1975,0.9787,0.1158,0.5506,9,8,0.3344
3729-6852-0033.flac,lorenz,-10,1.0466,0.9196,1.0551,0.2838,16,3,0.367
3729-6852-0033.flac,lorenz,-5,1.0799,0.9243,1.0221,0.304,16,3,0.3661
3729-6852-0033.flac,lorenz,0,1.2122,0.9372,0.9305,0.3814,16,3,0.3649
3729-6852-0033.flac,lorenz,5,1.485,0.9397,0.6079,0.5167,15,3,0.3849
3729-6852-0033.flac,lorenz,10,1.8934,0.9154,0.0202,0.6806,18,4,0.4785
3729-6852-0033.flac,rossler,-10,1.0369,0.8656,1.1753,0.1787,27,3,0.4199
3729-6852-0033.flac,rossler,-5,1.0539,0.9308,1.1784,0.2059,36,3,0.3586
3729-6852-0033.flac,rossler,0,1.1427,0.939,1.1163,0.2658,36,3,0.3541
3729-6852-0033.flac,rossler,5,1.4169,0.9074,1.414,0.4941,29,3,0.3464
3729-6852-0033.flac,rossler,10,1.8964,0.9106,0.0094,0.8064,27,3,0.4873
3729-6852-0033.flac,chen,-10,1.0646,0.8974,1.5792,0.122,10,3,0.3277
3729-6852-0033.flac,chen,-5,1.082,0.8971,1.5249,0.1389,10,3,0.3334
3729-6852-0033.flac,chen,0,1.1414,0.902,1.3309,0.2088,10,3,0.3094
3729-6852-0033.flac,chen,5,1.3169,0.8674,1.902,0.2943,10,4,0.3631
3729-6852-0033.flac,chen,10,1.6604,0.8945,0.0073,0.7357,10,4,0.6263
3729-6852-0033.flac,mackey_glass,-10,1.0949,0.9535,1.4427,0.1528,12,3,0.2938
3729-6852-0033.flac,mackey_glass,-5,1.1334,0.9537,1.3944,0.1716,12,3,0.295
3729-6852-0033.flac,mackey_glass,0,1.2429,0.9356,1.2986,0.23,11,3,0.3038
3729-6852-0033.flac,mackey_glass,5,1.4764,0.945,1.2119,0.4097,11,3,0.305
3729-6852-0033.flac,mackey_glass,10,1.7863,0.9595,0.0067,0.7853,11,3,0.4359
3729-6852-0033.flac,duffing,-10,1.0415,0.9062,1.2335,0.2049,19,3,0.3649
3729-6852-0033.flac,duffing,-5,1.0778,0.8876,1.201,0.255,17,3,0.428
3729-6852-0033.flac,duffing,0,1.2502,0.9035,1.5739,0.2138,25,4,0.3448
3729-6852-0033.flac,duffing,5,1.5928,0.9371,0.9543,0.4945,21,3,0.3632
3729-6852-0033.flac,duffing,10,2.1108,0.937,0.0124,0.7297,26,4,0.477
5639-40744-0031.flac,logistic,-10,1.0212,0.9769,3.7943,0.0007,6,8,0.18
5639-40744-0031.flac,logistic,-5,1.0211,0.9674,3.1243,0.0006,7,8,0.1811
5639-40744-0031.flac,logistic,0,1.0219,0.948,3.7281,0.0008,12,8,0.1726
5639-40744-0031.flac,logistic,5,1.0261,0.9142,3.2476,0.0064,14,6,0.1884
5639-40744-0031.flac,logistic,10,1.046,0.9498,2.6058,0.0296,14,4,0.1988
5639-40744-0031.flac,skew_tent,-10,1.0208,0.9786,3.1088,0.0006,8,8,0.1972
5639-40744-0031.flac,skew_tent,-5,1.0209,0.9697,3.9493,0.0006,5,8,0.1752
5639-40744-0031.flac,skew_tent,0,1.0215,0.9407,3.9415,0.001,5,8,0.1743
5639-40744-0031.flac,skew_tent,5,1.0252,0.9363,3.1212,0.0116,13,5,0.1857
5639-40744-0031.flac,skew_tent,10,1.0405,0.9567,2.6147,0.0282,15,4,0.1972
5639-40744-0031.flac,henon,-10,1.0225,0.9568,3.6093,0.0011,5,8,0.1894
5639-40744-0031.flac,henon,-5,1.0219,0.9661,3.9587,0.0008,5,8,0.1711
5639-40744-0031.flac,henon,0,1.0224,0.9346,3.2447,0.0017,3,8,0.1808
5639-40744-0031.flac,henon,5,1.0267,0.9895,2.5582,0.0396,3,4,0.1806
5639-40744-0031.flac,henon,10,1.0442,0.9508,2.619,0.0344,14,4,0.1986
5639-40744-0031.flac,bernoulli,-10,4.5051,0.9087,0.0604,0.619,13,4,0.4397
5639-40744-0031.flac,bernoulli,-5,4.6338,0.9087,1.7596,0.2386,13,4,0.2858
5639-40744-0031.flac,bernoulli,0,4.6429,0.9087,1.9705,0.0882,13,4,0.2759
5639-40744-0031.flac,bernoulli,5,4.6439,0.9087,2.1429,0.0573,13,4,0.2706
5639-40744-0031.flac,bernoulli,10,4.6439,0.9087,2.2036,0.0452,13,4,0.2688
5639-40744-0031.flac,ikeda,-10,1.0227,0.9761,3.7439,0.0008,10,8,0.1541
5639-40744-0031.flac,ikeda,-5,1.022,0.971,3.9879,0.0009,4,8,0.1478
5639-40744-0031.flac,ikeda,0,1.0226,0.9529,3.2725,0.0011,4,8,0.1614
5639-40744-0031.flac,ikeda,5,1.028,0.9029,3.2366,0.0055,14,6,0.1824
5639-40744-0031.flac,ikeda,10,1.0477,0.9466,2.5989,0.03,14,4,0.1965
5639-40744-0031.flac,lorenz,-10,1.0512,0.9679,1.504,0.1625,16,3,0.3079
5639-40744-0031.flac,lorenz,-5,1.0989,0.9657,2.1969,0.056,17,4,0.2722
5639-40744-0031.flac,lorenz,0,1.1898,0.9773,2.4624,0.0269,20,4,0.2516
5639-40744-0031.flac,lorenz,5,1.3894,0.944,2.4531,0.0285,15,4,0.2556
5639-40744-0031.flac,lorenz,10,1.7688,0.9452,2.4295,0.0293,15,4,0.2542
5639-40744-0031.flac,rossler,-10,1.042,0.9651,1.7907,0.0996,25,3,0.303
5639-40744-0031.flac,rossler,-5,1.0773,0.9615,2.3796,0.0357,22,4,0.2727
5639-40744-0031.flac,rossler,0,1.1783,0.9752,2.4932,0.0274,18,4,0.2535
5639-40744-0031.flac,rossler,5,1.362,0.9611,2.5079,0.0244,16,4,0.2511
5639-40744-0031.flac,rossler,10,1.6222,0.9333,2.4257,0.0316,14,4,0.2572
5639-40744-0031.flac,chen,-10,1.0772,0.9502,2.4095,0.0438,14,4,0.2559
5639-40744-0031.flac,chen,-5,1.0845,0.9813,2.5438,0.0323,16,4,0.242
5639-40744-0031.flac,chen,0,1.1406,0.9701,2.5632,0.0294,14,4,0.2427
5639-40744-0031.flac,chen,5,1.2765,0.9568,2.5154,0.0321,14,4,0.2475
5639-40744-0031.flac,chen,10,1.5304,0.9156,2.4281,0.0359,13,4,0.2607
5639-40744-0031.flac,mackey_glass,-10,1.0923,0.8471,2.1872,0.0707,12,4,0.3015
5639-40744-0031.flac,mackey_glass,-5,1.1205,0.9103,2.4327,0.0443,13,4,0.26
5639-40744-0031.flac,mackey_glass,0,1.1948,0.9332,2.5267,0.03,13,4,0.2514
5639-40744-0031.flac,mackey_glass,5,1.3434,0.9323,2.5258,0.0333,13,4,0.2524
5639-40744-0031.flac,mackey_glass,10,1.6011,0.941,2.4675,0.0323,14,4,0.2524
5639-40744-0031.flac,duffing,-10,1.042,0.9478,2.0576,0.0887,18,4,0.2978
5639-40744-0031.flac,duffing,-5,1.0869,0.9853,2.3175,0.0486,19,4,0.2669
5639-40744-0031.flac,duffing,0,1.1842,0.9835,2.5036,0.0266,20,4,0.251
5639-40744-0031.flac,duffing,5,1.388,0.9544,2.5024,0.0255,16,4,0.2531
5639-40744-0031.flac,duffing,10,1.8284,0.9296,2.4575,0.0312,14,4,0.2583
4992-41797-0001.flac,logistic,-10,1.0201,0.9775,4.5357,0.0007,5,8,0.1666
4992-41797-0001.flac,logistic,-5,1.0208,0.9686,4.0968,0.0005,4,8,0.1643
4992-41797-0001.flac,logistic,0,1.0242,0.9625,3.9742,0.0005,6,8,0.1642
4992-41797-0001.flac,logistic,5,1.0372,0.9449,3.1189,0.0031,6,7,0.1817
4992-41797-0001.flac,logistic,10,1.0614,0.9708,2.5126,0.0308,6,4,0.1962
4992-41797-0001.flac,skew_tent,-10,1.0199,0.9776,3.6172,0.0005,6,8,0.1803
4992-41797-0001.flac,skew_tent,-5,1.0204,0.9762,4.6804,0.0005,7,8,0.1591
4992-41797-0001.flac,skew_tent,0,1.0245,0.9515,3.1645,0.0006,5,8,0.1767
4992-41797-0001.flac,skew_tent,5,1.0366,0.9243,3.1275,0.0025,5,7,0.1857
4992-41797-0001.flac,skew_tent,10,1.0653,0.9376,2.8374,0.0151,6,5,0.1953
4992-41797-0001.flac,henon,-10,1.0223,0.9677,3.1814,0.0008,5,8,0.186
4992-41797-0001.flac,henon,-5,1.0223,0.9716,3.4519,0.0007,5,8,0.1703
4992-41797-0001.flac,henon,0,1.0258,0.9602,3.78,0.0006,5,8,0.1659
4992-41797-0001.flac,henon,5,1.037,0.9597,3.0495,0.0089,5,5,0.1784
4992-41797-0001.flac,henon,10,1.0642,0.9386,2.8217,0.0188,6,5,0.1971
4992-41797-0001.flac,bernoulli,-10,4.5163,0.9566,0.5112,0.4095,6,4,0.3472
4992-41797-0001.flac,bernoulli,-5,4.5214,0.9566,1.5898,0.1716,6,4,0.2757
4992-41797-0001.flac,bernoulli,0,4.5515,0.9566,1.9077,0.0776,6,4,0.2641
4992-41797-0001.flac,bernoulli,5,4.5745,0.9566,2.0553,0.0533,6,4,0.2597
4992-41797-0001.flac,bernoulli,10,4.591,0.9566,2.1069,0.0457,6,4,0.2582
4992-41797-0001.flac,ikeda,-10,1.0227,0.9792,3.3303,0.0006,7,8,0.1564
4992-41797-0001.flac,ikeda,-5,1.0237,0.9707,4.32,0.0005,4,8,0.1445
4992-41797-0001.flac,ikeda,0,1.0283,0.9473,4.1775,0.0006,5,8,0.1544
4992-41797-0001.flac,ikeda,5,1.0408,0.9363,3.1513,0.004,6,6,0.1776
4992-41797-0001.flac,ikeda,10,1.0643,0.9479,2.8766,0.0161,7,5,0.1929
4992-41797-0001.flac,lorenz,-10,1.0497,0.9736,1.6901,0.0982,13,4,0.2862
4992-41797-0001.flac,lorenz,-5,1.0955,0.9833,1.9607,0.0666,13,4,0.264
4992-41797-0001.flac,lorenz,0,1.2345,0.9636,2.3646,0.0291,10,5,0.2507
4992-41797-0001.flac,lorenz,5,1.542,0.9806,2.34,0.0302,10,4,0.2448
4992-41797-0001.flac,lorenz,10,1.9353,0.9784,2.3614,0.0266,10,4,0.245
4992-41797-0001.flac,rossler,-10,1.0571,0.9561,1.6829,0.0659,18,4,0.2926
4992-41797-0001.flac,rossler,-5,1.1186,0.9756,1.9988,0.0516,12,4,0.2644
4992-41797-0001.flac,rossler,0,1.2923,0.9231,2.3801,0.0194,13,6,0.2606
4992-41797-0001.flac,rossler,5,1.6889,0.9594,2.4667,0.0152,10,5,0.248
4992-41797-0001.flac,rossler,10,2.088,0.9464,2.4613,0.0222,9,5,0.2519
4992-41797-0001.flac,chen,-10,1.0501,0.9441,2.4615,0.0362,11,4,0.2504
4992-41797-0001.flac,chen,-5,1.0543,0.9484,2.8409,0.0111,12,5,0.2379
4992-41797-0001.flac,chen,0,1.0982,0.9483,2.864,0.0084,11,5,0.2368
4992-41797-0001.flac,chen,5,1.2283,0.9336,2.5096,0.0206,6,4,0.2481
4992-41797-0001.flac,chen,10,1.644,0.9785,2.549,0.0212,12,4,0.2381
4992-41797-0001.flac,mackey_glass,-10,1.0508,0.9028,2.298,0.0538,10,4,0.2629
4992-41797-0001.flac,mackey_glass,-5,1.072,0.9198,2.4882,0.0377,8,4,0.25
4992-41797-0001.flac,mackey_glass,0,1.1354,0.916,2.8028,0.013,7,5,0.2438
4992-41797-0001.flac,mackey_glass,5,1.3215,0.9683,2.7945,0.0118,10,5,0.2341
4992-41797-0001.flac,mackey_glass,10,1.6633,0.9698,2.4374,0.0307,9,4,0.2441
4992-41797-0001.flac,duffing,-10,1.049,0.9574,2.1739,0.07,15,4,0.2689
4992-41797-0001.flac,duffing,-5,1.1281,0.9742,2.4383,0.037,13,4,0.2474
4992-41797-0001.flac,duffing,0,1.3658,0.9572,2.7454,0.0145,10,5,0.2421
4992-41797-0001.flac,duffing,5,1.8033,0.948,2.7169,0.0132,9,5,0.2444
4992-41797-0001.flac,duffing,10,2.2465,0.9528,2.3083,0.0314,6,4,0.2531
8224-274381-0009.flac,logistic,-10,1.0286,0.9793,3.2556,0.0008,6,8,0.204
8224-274381-0009.flac,logistic,-5,1.0274,0.979,3.3109,0.0011,6,8,0.1967
8224-274381-0009.flac,logistic,0,1.0275,0.9748,3.3926,0.0033,8,8,0.1905
8224-274381-0009.flac,logistic,5,1.0347,0.9726,3.3601,0.0226,12,8,0.1896
8224-274381-0009.flac,logistic,10,1.0659,0.9934,1.0445,0.2865,11,4,0.2524
8224-274381-0009.flac,skew_tent,-10,1.0288,0.9809,3.825,0.0009,8,8,0.2061
8224-274381-0009.flac,skew_tent,-5,1.0274,0.9777,3.3284,0.0011,8,8,0.204
8224-274381-0009.flac,skew_tent,0,1.0278,0.9741,3.4145,0.0032,8,8,0.1958
8224-274381-0009.flac,skew_tent,5,1.0353,0.9858,2.6648,0.0785,8,5,0.201
8224-274381-0009.flac,skew_tent,10,1.0664,0.9944,1.0522,0.2867,13,4,0.2549
8224-274381-0009.flac,henon,-10,1.033,0.9775,3.2652,0.0012,11,8,0.213
8224-274381-0009.flac,henon,-5,1.03,0.9787,3.2949,0.0017,12,8,0.2026
8224-274381-0009.flac,henon,0,1.0299,0.965,3.3987,0.0057,7,8,0.1968
8224-274381-0009.flac,henon,5,1.0388,0.9741,3.5827,0.0298,12,8,0.1892
8224-274381-0009.flac,henon,10,1.0725,0.9796,1.107,0.2892,7,4,0.2566
8224-274381-0009.flac,bernoulli,-10,4.5153,0.915,0.2848,0.7907,7,4,0.4319
8224-274381-0009.flac,bernoulli,-5,4.547,0.915,0.3994,0.613,7,4,0.4122
8224-274381-0009.flac,bernoulli,0,4.5738,0.915,0.5302,0.5577,7,4,0.3958
8224-274381-0009.flac,bernoulli,5,4.5924,0.915,0.5496,0.5357,7,4,0.3933
8224-274381-0009.flac,bernoulli,10,4.6113,0.915,0.6594,0.4721,7,4,0.3813
8224-274381-0009.flac,ikeda,-10,1.0315,0.9782,3.6706,0.001,9,8,0.1686
8224-274381-0009.flac,ikeda,-5,1.0289,0.9779,3.362,0.0015,9,8,0.1681
8224-274381-0009.flac,ikeda,0,1.0287,0.976,3.5653,0.0046,8,8,0.1646
8224-274381-0009.flac,ikeda,5,1.0372,0.9711,3.3468,0.0368,9,8,0.1733
8224-274381-0009.flac,ikeda,10,1.0682,0.9896,0.8319,0.2745,12,5,0.2603
8224-274381-0009.flac,lorenz,-10,1.0661,0.9383,1.4322,0.1577,16,3,0.3207
8224-274381-0009.flac,lorenz,-5,1.1333,0.9408,1.4896,0.1402,15,3,0.3077
8224-274381-0009.flac,lorenz,0,1.2852,0.9183,1.7225,0.1242,14,4,0.2994
8224-274381-0009.flac,lorenz,5,1.574,0.9595,1.5935,0.1937,16,4,0.2926
8224-274381-0009.flac,lorenz,10,2.0773,0.8784,0.9083,0.3411,7,4,0.4335
8224-274381-0009.flac,rossler,-10,1.0585,0.892,1.6485,0.132,24,3,0.3556
8224-274381-0009.flac,rossler,-5,1.1139,0.8862,1.6807,0.1248,21,3,0.3432
8224-274381-0009.flac,rossler,0,1.229,0.8818,2.0283,0.0946,26,4,0.3202
8224-274381-0009.flac,rossler,5,1.424,0.899,1.6821,0.1484,16,4,0.3395
8224-274381-0009.flac,rossler,10,1.7644,0.8719,1.1357,0.3238,7,4,0.4166
8224-274381-0009.flac,chen,-10,1.1104,0.8966,2.1149,0.0613,11,4,0.2923
8224-274381-0009.flac,chen,-5,1.1262,0.9382,2.176,0.0564,12,4,0.2635
8224-274381-0009.flac,chen,0,1.19,0.9629,2.1358,0.0745,13,4,0.2577
8224-274381-0009.flac,chen,5,1.3212,0.9583,1.9544,0.1522,12,4,0.2691
8224-274381-0009.flac,chen,10,1.6003,0.9682,0.9751,0.318,12,4,0.3179
8224-274381-0009.flac,mackey_glass,-10,1.1651,0.9624,1.6189,0.1219,12,3,0.2771
8224-274381-0009.flac,mackey_glass,-5,1.1555,0.8853,1.9427,0.0784,12,4,0.2998
8224-274381-0009.flac,mackey_glass,0,1.2335,0.9355,1.9138,0.0953,13,4,0.2674
8224-274381-0009.flac,mackey_glass,5,1.399,0.9427,1.7655,0.1779,12,4,0.2756
8224-274381-0009.flac,mackey_glass,10,1.681,0.9572,0.9645,0.3152,12,4,0.3193
8224-274381-0009.flac,duffing,-10,1.0575,0.9032,1.7502,0.1032,21,4,0.3239
8224-274381-0009.flac,duffing,-5,1.1123,0.9203,1.7946,0.0972,21,4,0.3075
8224-274381-0009.flac,duffing,0,1.2422,0.9405,1.7822,0.1172,23,4,0.2955
8224-274381-0009.flac,duffing,5,1.5722,0.8738,1.2736,0.2628,7,4,0.3947
8224-274381-0009.flac,duffing,10,2.0887,0.8947,0.9795,0.3173,7,4,0.4206
3575-170457-0036.flac,logistic,-10,1.0239,0.9785,3.301,0.0011,8,8,0.2125
3575-170457-0036.flac,logistic,-5,1.0241,0.9782,3.3844,0.0017,8,8,0.2079
3575-170457-0036.flac,logistic,0,1.0271,0.9798,3.4975,0.0054,6,8,0.2056
3575-170457-0036.flac,logistic,5,1.0349,0.9794,3.3933,0.0419,7,8,0.206
3575-170457-0036.flac,logistic,10,1.0669,0.9731,4.9026,0.4186,5,8,0.1931
3575-170457-0036.flac,skew_tent,-10,1.0248,0.9823,3.4622,0.0009,10,8,0.2219
3575-170457-0036.flac,skew_tent,-5,1.0255,0.9815,3.4079,0.0015,10,8,0.2202
3575-170457-0036.flac,skew_tent,0,1.0281,0.9797,3.5281,0.0061,10,8,0.2183
3575-170457-0036.flac,skew_tent,5,1.036,0.9771,3.4561,0.0482,8,8,0.2174
3575-170457-0036.flac,skew_tent,10,1.0677,0.9724,4.8527,0.3826,12,8,0.2021
3575-170457-0036.flac,henon,-10,1.0306,0.9806,3.3396,0.0014,17,8,0.226
3575-170457-0036.flac,henon,-5,1.0289,0.9778,3.4182,0.0028,16,8,0.221
3575-170457-0036.flac,henon,0,1.0299,0.9757,3.4841,0.0113,8,8,0.2183
3575-170457-0036.flac,henon,5,1.0373,0.9741,3.3199,0.0638,8,8,0.2182
3575-170457-0036.flac,henon,10,1.0685,0.9691,0.8159,0.3758,8,8,0.2971
3575-170457-0036.flac,bernoulli,-10,4.5207,0.9545,0,1,20,4,0.5013
3575-170457-0036.flac,bernoulli,-5,4.5353,0.9545,0,0.9911,20,4,0.5012
3575-170457-0036.flac,bernoulli,0,4.5807,0.9545,0.0048,0.9118,20,4,0.4991
3575-170457-0036.flac,bernoulli,5,4.5961,0.9545,0.0158,0.8632,20,4,0.4959
3575-170457-0036.flac,bernoulli,10,4.6076,0.9545,0.3256,0.8215,20,4,0.4379
3575-170457-0036.flac,ikeda,-10,1.0285,0.9779,3.8926,0.0013,7,8,0.1766
3575-170457-0036.flac,ikeda,-5,1.0276,0.9812,3.4461,0.0022,13,8,0.1768
3575-170457-0036.flac,ikeda,0,1.0292,0.9814,3.5419,0.0088,13,8,0.1726
3575-170457-0036.flac,ikeda,5,1.0372,0.9777,3.4283,0.063,9,8,0.1726
3575-170457-0036.flac,ikeda,10,1.0693,0.9724,0.5943,0.4311,4,8,0.2767
3575-170457-0036.flac,lorenz,-10,1.0406,0.9349,1.0982,0.2545,17,3,0.3584
3575-170457-0036.flac,lorenz,-5,1.0709,0.9193,1.0598,0.278,16,3,0.364
3575-170457-0036.flac,lorenz,0,1.199,0.9377,1.0532,0.3402,18,3,0.3563
3575-170457-0036.flac,lorenz,5,1.4674,0.9455,0.9867,0.4305,19,3,0.3571
3575-170457-0036.flac,lorenz,10,1.9263,0.9563,1.1478,0.6472,20,3,0.347
3575-170457-0036.flac,rossler,-10,1.0349,0.9067,1.2979,0.1743,30,3,0.3613
3575-170457-0036.flac,rossler,-5,1.052,0.9433,1.3841,0.2008,35,3,0.3439
3575-170457-0036.flac,rossler,0,1.1276,0.9465,1.3439,0.2278,33,3,0.3403
3575-170457-0036.flac,rossler,5,1.3981,0.952,1.5637,0.3885,32,3,0.3265
3575-170457-0036.flac,rossler,10,1.8502,0.9657,0.0556,0.6274,34,3,0.4617
3575-170457-0036.flac,chen,-10,1.061,0.921,1.6113,0.1209,11,3,0.2927
3575-170457-0036.flac,chen,-5,1.0706,0.921,1.5783,0.1379,11,3,0.2934
3575-170457-0036.flac,chen,0,1.122,0.9226,1.6799,0.1871,11,3,0.2899
3575-170457-0036.flac,chen,5,1.2593,0.9092,1.713,0.2509,12,4,0.2951
3575-170457-0036.flac,chen,10,1.5686,0.9051,0.1467,0.59,12,4,0.4352
3575-170457-0036.flac,mackey_glass,-10,1.0711,0.9537,1.4475,0.1531,12,3,0.2952
3575-170457-0036.flac,mackey_glass,-5,1.0992,0.9545,1.428,0.1727,12,3,0.2948
3575-170457-0036.flac,mackey_glass,0,1.1863,0.9726,1.2552,0.217,13,3,0.2957
3575-170457-0036.flac,mackey_glass,5,1.384,0.9615,1.5111,0.382,12,3,0.2874
3575-170457-0036.flac,mackey_glass,10,1.7064,0.8887,0.1975,0.5765,13,4,0.5571
3575-170457-0036.flac,duffing,-10,1.0355,0.9055,1.2452,0.2111,19,3,0.3646
3575-170457-0036.flac,duffing,-5,1.0767,0.8958,1.2058,0.2483,18,3,0.4242
3575-170457-0036.flac,duffing,0,1.249,0.8895,1.2157,0.3032,18,3,0.436
3575-170457-0036.flac,duffing,5,1.6092,0.9679,1.1097,0.3482,30,3,0.3446
3575-170457-0036.flac,duffing,10,2.2231,0.9679,0.0833,0.6486,27,3,0.4573
4507-16021-0032.flac,logistic,-10,1.0313,0.9785,3.3038,0.0011,8,8,0.216
4507-16021-0032.flac,logistic,-5,1.032,0.9792,3.3887,0.002,8,8,0.2139
4507-16021-0032.flac,logistic,0,1.0393,0.9792,3.4894,0.0061,8,8,0.2109
4507-16021-0032.flac,logistic,5,1.0611,0.981,3.6626,0.0503,6,8,0.2071
4507-16021-0032.flac,logistic,10,1.1401,0.982,0.1144,0.6586,6,8,0.3803
4507-16021-0032.flac,skew_tent,-10,1.0329,0.9768,3.3128,0.0012,14,8,0.2296
4507-16021-0032.flac,skew_tent,-5,1.0338,0.9785,3.4288,0.0021,10,8,0.2268
4507-16021-0032.flac,skew_tent,0,1.0447,0.978,3.5397,0.0072,12,8,0.2235
4507-16021-0032.flac,skew_tent,5,1.071,0.98,3.5677,0.067,8,8,0.2205
4507-16021-0032.flac,skew_tent,10,1.16,0.9792,0.2241,0.567,10,8,0.3725
4507-16021-0032.flac,henon,-10,1.0453,0.98,3.3431,0.0015,16,8,0.2329
4507-16021-0032.flac,henon,-5,1.041,0.9761,3.4162,0.0038,13,8,0.2318
4507-16021-0032.flac,henon,0,1.05,0.9784,3.4911,0.0106,13,8,0.2281
4507-16021-0032.flac,henon,5,1.0735,0.9791,3.5086,0.0696,19,8,0.2252
4507-16021-0032.flac,henon,10,1.1649,0.9737,0.1192,0.5431,10,8,0.3966
4507-16021-0032.flac,bernoulli,-10,4.5194,0.9586,0,1,6,8,0.4959
4507-16021-0032.flac,bernoulli,-5,4.5486,0.9586,0.0001,0.9999,6,8,0.4958
4507-16021-0032.flac,bernoulli,0,4.571,0.9586,0.0571,0.9607,6,8,0.482
4507-16021-0032.flac,bernoulli,5,4.5841,0.9586,0.0511,0.9735,6,8,0.4834
4507-16021-0032.flac,bernoulli,10,4.5879,0.9586,0.0437,0.97,6,8,0.4851
4507-16021-0032.flac,ikeda,-10,1.0394,0.978,3.8715,0.0011,8,8,0.1812
4507-16021-0032.flac,ikeda,-5,1.0383,0.9782,3.4369,0.0021,8,8,0.1848
4507-16021-0032.flac,ikeda,0,1.0473,0.9796,3.5456,0.008,12,8,0.1811
4507-16021-0032.flac,ikeda,5,1.0742,0.9801,3.5833,0.0736,8,8,0.1792
4507-16021-0032.flac,ikeda,10,1.1749,0.9798,0.1209,0.5622,8,8,0.3489
4507-16021-0032.flac,lorenz,-10,1.044,0.8985,1.058,0.2648,15,3,0.4321
4507-16021-0032.flac,lorenz,-5,1.0742,0.9022,1.021,0.308,15,3,0.3722
4507-16021-0032.flac,lorenz,0,1.1722,0.9186,0.9197,0.3533,16,3,0.3709
4507-16021-0032.flac,lorenz,5,1.4308,0.9234,0.8996,0.4988,16,3,0.3702
4507-16021-0032.flac,lorenz,10,1.8505,0.9411,0.0073,0.7793,17,3,0.482
4507-16021-0032.flac,rossler,-10,1.029,0.9134,1.1715,0.1722,35,3,0.3684
4507-16021-0032.flac,rossler,-5,1.0395,0.9425,1.1477,0.1931,39,3,0.3596
4507-16021-0032.flac,rossler,0,1.0737,0.8808,1.0619,0.2707,30,3,0.4419
4507-16021-0032.flac,rossler,5,1.1993,0.8625,1.2757,0.4668,27,3,0.481
4507-16021-0032.flac,rossler,10,1.4836,0.9453,0.0105,0.7968,38,3,0.4889
4507-16021-0032.flac,chen,-10,1.0769,0.899,1.5751,0.1211,10,3,0.3276
4507-16021-0032.flac,chen,-5,1.0721,0.9218,1.533,0.1407,11,3,0.2953
4507-16021-0032.flac,chen,0,1.1234,0.9029,1.362,0.2178,10,3,0.3083
4507-16021-0032.flac,chen,5,1.2706,0.9287,1.7387,0.3879,11,3,0.2872
4507-16021-0032.flac,chen,10,1.5503,0.9121,0.0091,0.8078,10,3,0.4577
4507-16021-0032.flac,mackey_glass,-10,1.0709,0.9335,1.4019,0.1588,11,3,0.3029
4507-16021-0032.flac,mackey_glass,-5,1.0956,0.9347,1.3512,0.1783,11,3,0.3041
4507-16021-0032.flac,mackey_glass,0,1.1566,0.936,1.2165,0.2345,11,3,0.3092
4507-16021-0032.flac,mackey_glass,5,1.2964,0.9572,1.3398,0.4066,12,3,0.2962
4507-16021-0032.flac,mackey_glass,10,1.5816,0.9583,0.0231,0.7971,12,3,0.4363
4507-16021-0032.flac,duffing,-10,1.0311,0.906,1.231,0.2028,19,3,0.3648
4507-16021-0032.flac,duffing,-5,1.0553,0.8964,1.1609,0.24,18,3,0.4239
4507-16021-0032.flac,duffing,0,1.1747,0.9083,1.0471,0.3224,19,3,0.3708
4507-16021-0032.flac,duffing,5,1.4514,0.9227,0.6785,0.4825,20,3,0.3932
4507-16021-0032.flac,duffing,10,1.9425,0.9285,0.0078,0.8162,20,3,0.4946
8224-274381-0016.flac,logistic,-10,1.0268,0.979,3.2885,0.0006,5,8,0.189
8224-274381-0016.flac,logistic,-5,1.0254,0.9752,4.0378,0.0006,10,8,0.1756
8224-274381-0016.flac,logistic,0,1.0254,0.98,3.0598,0.0116,8,5,0.184
8224-274381-0016.flac,logistic,5,1.0303,0.9924,2.4551,0.0368,24,4,0.1965
8224-274381-0016.flac,logistic,10,1.0515,0.983,2.0066,0.08,16,4,0.2254
8224-274381-0016.flac,skew_tent,-10,1.0269,0.9773,4.5342,0.0005,7,8,0.1888
8224-274381-0016.flac,skew_tent,-5,1.0255,0.9764,3.0501,0.0006,5,8,0.1963
8224-274381-0016.flac,skew_tent,0,1.0256,0.9883,3.0845,0.012,5,5,0.1882
8224-274381-0016.flac,skew_tent,5,1.0307,0.9829,2.416,0.0486,7,4,0.2048
8224-274381-0016.flac,skew_tent,10,1.0524,0.9841,2.0505,0.0814,22,4,0.2254
8224-274381-0016.flac,henon,-10,1.0303,0.9501,3.2077,0.0009,5,8,0.2049
8224-274381-0016.flac,henon,-5,1.0277,0.9095,3.1386,0.0018,3,8,0.2095
8224-274381-0016.flac,henon,0,1.0276,0.9761,2.4528,0.0357,3,4,0.2017
8224-274381-0016.flac,henon,5,1.0337,0.9867,2.2733,0.0584,3,4,0.2073
8224-274381-0016.flac,henon,10,1.0578,0.9673,1.8168,0.0958,10,4,0.2399
8224-274381-0016.flac,bernoulli,-10,4.5123,0.9671,0.7393,0.4818,16,4,0.3492
8224-274381-0016.flac,bernoulli,-5,4.5471,0.9671,0.9747,0.2929,16,4,0.3305
8224-274381-0016.flac,bernoulli,0,4.5743,0.9671,1.1381,0.1816,16,4,0.3199
8224-274381-0016.flac,bernoulli,5,4.5931,0.9671,1.2493,0.1399,16,4,0.3137
8224-274381-0016.flac,bernoulli,10,4.6157,0.9671,1.3035,0.1218,16,4,0.311
8224-274381-0016.flac,ikeda,-10,1.0288,0.9797,4.1628,0.0006,7,8,0.1516
8224-274381-0016.flac,ikeda,-5,1.0266,0.9719,3.8923,0.0009,4,8,0.1554
8224-274381-0016.flac,ikeda,0,1.0261,0.9641,3.2338,0.0073,4,6,0.1703
8224-274381-0016.flac,ikeda,5,1.0315,0.9876,2.457,0.0399,16,4,0.1897
8224-274381-0016.flac,ikeda,10,1.0544,0.9802,2.0173,0.0783,15,4,0.2212
8224-274381-0016.flac,lorenz,-10,1.0518,0.97,2.0475,0.0651,24,4,0.2913
8224-274381-0016.flac,lorenz,-5,1.1045,0.9822,2.1845,0.0487,25,4,0.278
8224-274381-0016.flac,lorenz,0,1.2312,0.9786,2.0956,0.0603,24,4,0.2786
8224-274381-0016.flac,lorenz,5,1.49,0.9767,1.9206,0.0773,24,4,0.2835
8224-274381-0016.flac,lorenz,10,1.9759,0.9721,1.829,0.0874,29,4,0.2869
8224-274381-0016.flac,rossler,-10,1.0456,0.8941,1.771,0.0917,23,3,0.3423
8224-274381-0016.flac,rossler,-5,1.0872,0.8549,2.1048,0.0445,23,4,0.3237
8224-274381-0016.flac,rossler,0,1.1752,0.8819,2.0571,0.0376,25,4,0.313
8224-274381-0016.flac,rossler,5,1.3566,0.9114,2.0362,0.0384,31,4,0.2976
8224-274381-0016.flac,rossler,10,1.6906,0.9285,1.8919,0.0599,31,4,0.2961
8224-274381-0016.flac,chen,-10,1.0886,0.9331,2.4247,0.0323,13,4,0.261
8224-274381-0016.flac,chen,-5,1.1065,0.9818,2.5037,0.0267,17,4,0.2475
8224-274381-0016.flac,chen,0,1.1694,0.9872,2.4336,0.0262,17,4,0.2529
8224-274381-0016.flac,chen,5,1.2935,0.9871,2.2848,0.0426,21,4,0.2627
8224-274381-0016.flac,chen,10,1.5487,0.9889,1.9771,0.0718,26,4,0.2741
8224-274381-0016.flac,mackey_glass,-10,1.1116,0.8947,2.2522,0.0476,14,4,0.2849
8224-274381-0016.flac,mackey_glass,-5,1.1374,0.9305,2.3425,0.0315,14,4,0.2611
8224-274381-0016.flac,mackey_glass,0,1.219,0.9674,2.3448,0.0314,16,4,0.2569
8224-274381-0016.flac,mackey_glass,5,1.352,0.9835,2.2077,0.04,16,4,0.2646
8224-274381-0016.flac,mackey_glass,10,1.6143,0.9797,1.8776,0.0722,24,4,0.2799
8224-274381-0016.flac,duffing,-10,1.0449,0.9204,2.0311,0.0621,24,4,0.3123
8224-274381-0016.flac,duffing,-5,1.085,0.9455,2.1149,0.0447,27,4,0.2952
8224-274381-0016.flac,duffing,0,1.203,0.9625,2.1579,0.0427,30,4,0.2832
8224-274381-0016.flac,duffing,5,1.5036,0.956,2.0047,0.0557,27,4,0.2861
8224-274381-0016.flac,duffing,10,2.0487,0.9596,1.7622,0.093,28,4,0.2925
2961-960-0000.flac,logistic,-10,1.0342,0.9795,3.2521,0.0011,6,8,0.1836
2961-960-0000.flac,logistic,-5,1.0378,0.9765,3.5003,0.001,6,8,0.1663
2961-960-0000.flac,logistic,0,1.0511,0.9774,3.4041,0.0021,3,8,0.1567
2961-960-0000.flac,logistic,5,1.0965,0.9661,3.4306,0.0099,2,8,0.1565
2961-960-0000.flac,logistic,10,1.2619,0.9737,2.6989,0.1044,3,5,0.1718
2961-960-0000.flac,skew_tent,-10,1.0379,0.9766,3.235,0.0008,8,8,0.1894
2961-960-0000.flac,skew_tent,-5,1.0402,0.9754,3.2708,0.0012,6,8,0.172
2961-960-0000.flac,skew_tent,0,1.0567,0.9736,3.4006,0.0023,3,8,0.1595
2961-960-0000.flac,skew_tent,5,1.1044,0.9687,3.4394,0.0078,3,8,0.1559
2961-960-0000.flac,skew_tent,10,1.2657,0.9488,2.9712,0.0642,3,6,0.1718
2961-960-0000.flac,henon,-10,1.0466,0.9787,3.3093,0.0014,10,8,0.1891
2961-960-0000.flac,henon,-5,1.0505,0.9783,3.3447,0.0014,8,8,0.1716
2961-960-0000.flac,henon,0,1.0659,0.9473,3.3688,0.0026,3,8,0.1671
2961-960-0000.flac,henon,5,1.1146,0.963,3.4126,0.008,3,8,0.1592
2961-960-0000.flac,henon,10,1.2761,0.9545,2.9759,0.0535,3,6,0.1716
2961-960-0000.flac,bernoulli,-10,4.5245,0.9793,0.0654,0.8669,2,4,0.3626
2961-960-0000.flac,bernoulli,-5,4.5517,0.9793,0.4483,0.5869,2,4,0.2991
2961-960-0000.flac,bernoulli,0,4.5721,0.9793,0.8032,0.3739,2,4,0.2641
2961-960-0000.flac,bernoulli,5,4.5835,0.9793,1.3912,0.2801,2,4,0.2295
2961-960-0000.flac,bernoulli,10,4.585,0.9793,1.5006,0.2534,2,4,0.2248
2961-960-0000.flac,ikeda,-10,1.0437,0.98,3.2538,0.001,7,8,0.161
2961-960-0000.flac,ikeda,-5,1.0477,0.9778,3.3501,0.0013,7,8,0.152
2961-960-0000.flac,ikeda,0,1.063,0.9554,3.5242,0.004,2,8,0.1526
2961-960-0000.flac,ikeda,5,1.1191,0.9626,3.4134,0.011,2,8,0.1548
2961-960-0000.flac,ikeda,10,1.2835,0.9799,2.6205,0.0893,2,5,0.1707
2961-960-0000.flac,lorenz,-10,1.0612,0.9484,0.9858,0.3089,3,3,0.3159
2961-960-0000.flac,lorenz,-5,1.1025,0.932,1.3806,0.2357,3,4,0.2753
2961-960-0000.flac,lorenz,0,1.2273,0.9804,1.5223,0.2019,2,4,0.2353
2961-960-0000.flac,lorenz,5,1.4601,0.9793,1.4366,0.2121,2,4,0.2309
2961-960-0000.flac,lorenz,10,1.7796,0.9788,1.59,0.2132,2,4,0.2219
2961-960-0000.flac,rossler,-10,1.0398,0.8827,1.1238,0.2853,3,4,0.3963
2961-960-0000.flac,rossler,-5,1.0609,0.9284,1.3617,0.2302,3,4,0.2798
2961-960-0000.flac,rossler,0,1.1379,0.9763,1.4996,0.1855,2,4,0.2403
2961-960-0000.flac,rossler,5,1.3514,0.9772,1.6021,0.1979,2,4,0.2259
2961-960-0000.flac,rossler,10,1.7147,0.9778,1.5893,0.2139,2,4,0.2233
2961-960-0000.flac,chen,-10,1.0878,0.9245,2.2918,0.056,12,4,0.248
2961-960-0000.flac,chen,-5,1.1032,0.9444,2.8214,0.0221,13,5,0.2181
2961-960-0000.flac,chen,0,1.2021,0.9209,3.2245,0.0045,12,8,0.205
2961-960-0000.flac,chen,5,1.4133,0.9324,1.8284,0.1403,3,4,0.2275
2961-960-0000.flac,chen,10,1.7567,0.9252,2.107,0.1279,3,5,0.2193
2961-960-0000.flac,mackey_glass,-10,1.0964,0.8205,1.967,0.0909,11,4,0.3054
2961-960-0000.flac,mackey_glass,-5,1.1433,0.882,2.2405,0.0734,12,4,0.2629
2961-960-0000.flac,mackey_glass,0,1.2846,0.9195,2.8178,0.0335,12,5,0.2112
2961-960-0000.flac,mackey_glass,5,1.5399,0.9245,1.8456,0.1434,3,4,0.2287
2961-960-0000.flac,mackey_glass,10,1.9378,0.9734,1.5068,0.1968,2,4,0.2256
2961-960-0000.flac,duffing,-10,1.0471,0.9424,1.0279,0.3073,3,3,0.3144
2961-960-0000.flac,duffing,-5,1.0834,0.9244,1.4554,0.2129,3,4,0.2733
2961-960-0000.flac,duffing,0,1.2249,0.9767,1.5747,0.1857,2,4,0.2345
2961-960-0000.flac,duffing,5,1.4865,0.9781,1.6531,0.1829,2,4,0.2218
2961-960-0000.flac,duffing,10,1.8451,0.9788,1.6959,0.1986,2,4,0.2173
5639-40744-0003.flac,logistic,-10,1.0228,0.9781,3.4857,0.0011,5,8,0.1928
5639-40744-0003.flac,logistic,-5,1.0229,0.9797,3.5481,0.0015,6,8,0.1793
5639-40744-0003.flac,logistic,0,1.0242,0.9758,3.4827,0.0034,9,8,0.1717
5639-40744-0003.flac,logistic,5,1.029,0.9691,3.4937,0.0191,3,8,0.1679
5639-40744-0003.flac,logistic,10,1.0525,0.9557,3.2036,0.0915,11,8,0.1768
5639-40744-0003.flac,skew_tent,-10,1.0223,0.9786,3.5001,0.0009,8,8,0.2003
5639-40744-0003.flac,skew_tent,-5,1.0229,0.9796,3.3972,0.0016,7,8,0.1858
5639-40744-0003.flac,skew_tent,0,1.0244,0.9745,3.4926,0.0049,4,8,0.1731
5639-40744-0003.flac,skew_tent,5,1.0285,0.9698,3.4839,0.0215,9,8,0.1682
5639-40744-0003.flac,skew_tent,10,1.0471,0.9607,3.2243,0.0822,13,8,0.175
5639-40744-0003.flac,henon,-10,1.0245,0.9768,3.3374,0.0016,11,8,0.204
5639-40744-0003.flac,henon,-5,1.0243,0.977,3.553,0.002,13,8,0.185
5639-40744-0003.flac,henon,0,1.0256,0.9758,3.4764,0.0047,8,8,0.1741
5639-40744-0003.flac,henon,5,1.0303,0.9443,3.3908,0.0236,3,8,0.1765
5639-40744-0003.flac,henon,10,1.052,0.9613,3.24,0.0737,14,8,0.1758
5639-40744-0003.flac,bernoulli,-10,4.3886,0.8974,0.0013,0.9796,4,4,0.696
5639-40744-0003.flac,bernoulli,-5,4.5516,0.8974,0.0561,0.8211,4,4,0.6435
5639-40744-0003.flac,bernoulli,0,4.6369,0.8974,0.3657,0.5899,4,4,0.532
5639-40744-0003.flac,bernoulli,5,4.6424,0.8974,1.0873,0.4289,4,4,0.4285
5639-40744-0003.flac,bernoulli,10,4.6439,0.8974,1.0969,0.3879,4,4,0.4177
5639-40744-0003.flac,ikeda,-10,1.0267,0.9816,3.6907,0.001,9,8,0.1626
5639-40744-0003.flac,ikeda,-5,1.024,0.9788,3.743,0.0018,6,8,0.1532
5639-40744-0003.flac,ikeda,0,1.0249,0.9723,3.496,0.0041,4,8,0.1521
5639-40744-0003.flac,ikeda,5,1.0303,0.965,3.5031,0.0198,4,8,0.1542
5639-40744-0003.flac,ikeda,10,1.0552,0.9471,3.3894,0.0796,4,8,0.1674
5639-40744-0003.flac,lorenz,-10,1.0606,0.944,1.2447,0.2342,15,3,0.3289
5639-40744-0003.flac,lorenz,-5,1.1246,0.9378,1.6733,0.1741,16,4,0.2969
5639-40744-0003.flac,lorenz,0,1.2551,0.9691,1.7549,0.1535,16,4,0.2718
5639-40744-0003.flac,lorenz,5,1.4583,0.9751,1.7574,0.158,15,4,0.2635
5639-40744-0003.flac,lorenz,10,1.8884,0.9865,1.5559,0.2286,15,4,0.2654
5639-40744-0003.flac,rossler,-10,1.0454,0.9187,1.4805,0.1595,28,3,0.3233
5639-40744-0003.flac,rossler,-5,1.0777,0.9344,1.6102,0.1508,30,3,0.2973
5639-40744-0003.flac,rossler,0,1.196,0.9242,1.9997,0.1148,18,4,0.2728
5639-40744-0003.flac,rossler,5,1.4251,0.8529,1.4368,0.2726,4,4,0.3674
5639-40744-0003.flac,rossler,10,1.7313,0.8678,1.5069,0.2873,4,4,0.3622
5639-40744-0003.flac,chen,-10,1.0854,0.8961,2.1361,0.0654,12,4,0.2858
5639-40744-0003.flac,chen,-5,1.0861,0.8877,2.2275,0.0632,11,4,0.2765
5639-40744-0003.flac,chen,0,1.154,0.9119,2.25,0.074,11,4,0.2503
5639-40744-0003.flac,chen,5,1.3281,0.9665,2.3296,0.1041,13,4,0.2328
5639-40744-0003.flac,chen,10,1.6232,0.9749,1.8376,0.1963,13,4,0.2461
5639-40744-0003.flac,mackey_glass,-10,1.1107,0.9581,1.5659,0.1427,12,3,0.2739
5639-40744-0003.flac,mackey_glass,-5,1.1347,0.8359,1.9757,0.1027,11,4,0.3053
5639-40744-0003.flac,mackey_glass,0,1.2284,0.879,2.0432,0.1109,11,4,0.2876
5639-40744-0003.flac,mackey_glass,5,1.4212,0.9215,1.9397,0.1418,12,4,0.2529
5639-40744-0003.flac,mackey_glass,10,1.7275,0.9342,1.6842,0.227,12,4,0.2628
5639-40744-0003.flac,duffing,-10,1.0477,0.9042,1.7423,0.1265,19,4,0.314
5639-40744-0003.flac,duffing,-5,1.1044,0.9475,1.894,0.1285,20,4,0.2803
5639-40744-0003.flac,duffing,0,1.2507,0.9719,1.9221,0.1321,16,4,0.2609
5639-40744-0003.flac,duffing,5,1.5059,0.9274,1.7173,0.1989,10,4,0.2744
5639-40744-0003.flac,duffing,10,1.8844,0.9848,1.6318,0.2131,15,4,0.26
8224-274381-0005.flac,logistic,-10,1.0292,0.9818,3.9781,0.0005,5,8,0.1577
8224-274381-0005.flac,logistic,-5,1.0281,0.9774,4.1389,0.0006,2,8,0.1476
8224-274381-0005.flac,logistic,0,1.0288,0.9773,4.243,0.0007,2,8,0.1453
8224-274381-0005.flac,logistic,5,1.0365,0.9621,3.1934,0.0022,2,8,0.1651
8224-274381-0005.flac,logistic,10,1.0676,0.9782,2.4923,0.0392,2,4,0.1813
8224-274381-0005.flac,skew_tent,-10,1.0291,0.9786,3.2425,0.0005,6,8,0.1741
8224-274381-0005.flac,skew_tent,-5,1.0308,0.9735,4.5345,0.0004,5,8,0.1501
8224-274381-0005.flac,skew_tent,0,1.0289,0.9539,4.4155,0.0005,7,8,0.1517
8224-274381-0005.flac,skew_tent,5,1.0362,0.9382,3.3702,0.0007,13,8,0.1702
8224-274381-0005.flac,skew_tent,10,1.0675,0.9676,2.4578,0.0333,2,4,0.1843
8224-274381-0005.flac,henon,-10,1.0345,0.9649,3.2211,0.001,5,8,0.173
8224-274381-0005.flac,henon,-5,1.0316,0.9717,4.136,0.0006,5,8,0.1502
8224-274381-0005.flac,henon,0,1.0324,0.9642,4.2676,0.0006,5,8,0.148
8224-274381-0005.flac,henon,5,1.0412,0.9366,3.614,0.0008,5,8,0.1654
8224-274381-0005.flac,henon,10,1.0745,0.9707,2.4262,0.0408,2,4,0.1837
8224-274381-0005.flac,bernoulli,-10,4.5039,0.8964,0.2928,0.6003,2,4,0.5031
8224-274381-0005.flac,bernoulli,-5,4.5342,0.8964,1.4661,0.2572,2,4,0.3254
8224-274381-0005.flac,bernoulli,0,4.5643,0.8964,1.8123,0.1126,2,4,0.2767
8224-274381-0005.flac,bernoulli,5,4.5851,0.8964,1.9814,0.0705,2,4,0.2612
8224-274381-0005.flac,bernoulli,10,4.6012,0.8964,2.045,0.0591,2,4,0.2566
8224-274381-0005.flac,ikeda,-10,1.0317,0.9767,3.9975,0.0007,5,8,0.1436
8224-274381-0005.flac,ikeda,-5,1.0294,0.9515,3.1998,0.0009,2,8,0.156
8224-274381-0005.flac,ikeda,0,1.0296,0.9629,3.1829,0.0008,2,8,0.1554
8224-274381-0005.flac,ikeda,5,1.0378,0.9601,3.1751,0.0022,2,8,0.1629
8224-274381-0005.flac,ikeda,10,1.0709,0.9884,2.4972,0.0408,2,4,0.1783
8224-274381-0005.flac,lorenz,-10,1.0594,0.9271,1.1688,0.2539,2,3,0.3004
8224-274381-0005.flac,lorenz,-5,1.1121,0.9022,1.6468,0.1304,2,4,0.273
8224-274381-0005.flac,lorenz,0,1.2697,0.9027,1.8757,0.0784,2,4,0.2532
8224-274381-0005.flac,lorenz,5,1.5722,0.8996,2.0337,0.0602,2,4,0.2556
8224-274381-0005.flac,lorenz,10,2.091,0.8975,2.0875,0.0552,2,4,0.252
8224-274381-0005.flac,rossler,-10,1.0558,0.9154,1.1266,0.2564,2,3,0.3107
8224-274381-0005.flac,rossler,-5,1.0972,0.8924,1.6382,0.148,2,4,0.3092
8224-274381-0005.flac,rossler,0,1.2375,0.8937,1.8702,0.0934,2,4,0.2763
8224-274381-0005.flac,rossler,5,1.4657,0.8932,1.9799,0.0572,2,4,0.2595
8224-274381-0005.flac,rossler,10,1.7834,0.8942,2.0424,0.057,2,4,0.2554
8224-274381-0005.flac,chen,-10,1.0912,0.943,2.4899,0.0366,13,4,0.2265
8224-274381-0005.flac,chen,-5,1.1172,0.85,1.8241,0.1161,2,4,0.2926
8224-274381-0005.flac,chen,0,1.2065,0.8814,1.9978,0.0832,2,4,0.2661
8224-274381-0005.flac,chen,5,1.3422,0.8916,2.0779,0.0525,2,4,0.2521
8224-274381-0005.flac,chen,10,1.6267,0.8968,2.1064,0.0509,2,4,0.2492
8224-274381-0005.flac,mackey_glass,-10,1.1234,0.876,2.3652,0.0526,13,4,0.2537
8224-274381-0005.flac,mackey_glass,-5,1.16,0.8554,1.9382,0.0952,2,4,0.2753
8224-274381-0005.flac,mackey_glass,0,1.2317,0.8784,2.0777,0.065,2,4,0.2568
8224-274381-0005.flac,mackey_glass,5,1.3831,0.893,2.1198,0.0502,2,4,0.2484
8224-274381-0005.flac,mackey_glass,10,1.6601,0.8968,2.1202,0.0526,2,4,0.2485
8224-274381-0005.flac,duffing,-10,1.0536,0.9385,1.2359,0.2553,2,3,0.2935
8224-274381-0005.flac,duffing,-5,1.1015,0.8995,1.6493,0.1368,2,4,0.3036
8224-274381-0005.flac,duffing,0,1.2104,0.8953,1.8778,0.0821,2,4,0.2736
8224-274381-0005.flac,duffing,5,1.3876,0.896,2.0013,0.0581,2,4,0.2586
8224-274381-0005.flac,duffing,10,2.1331,0.8949,2.0582,0.0525,2,4,0.2533
5105-28233-0007.flac,logistic,-10,1.0345,0.9801,3.4183,0.0007,7,8,0.1868
5105-28233-0007.flac,logistic,-5,1.0338,0.9792,3.4279,0.0009,4,8,0.1847
5105-28233-0007.flac,logistic,0,1.0449,0.9715,3.3106,0.0022,4,8,0.1882
5105-28233-0007.flac,logistic,5,1.0854,0.9687,3.3049,0.0096,3,8,0.1926
5105-28233-0007.flac,logistic,10,1.216,0.9666,3.0385,0.0993,3,8,0.2049
5105-28233-0007.flac,skew_tent,-10,1.0332,0.9816,3.4888,0.0007,7,8,0.1893
5105-28233-0007.flac,skew_tent,-5,1.0398,0.9795,3.1081,0.0007,7,8,0.1917
5105-28233-0007.flac,skew_tent,0,1.0513,0.981,3.32,0.0021,6,8,0.1876
5105-28233-0007.flac,skew_tent,5,1.0906,0.9705,3.296,0.0122,3,8,0.1952
5105-28233-0007.flac,skew_tent,10,1.2064,0.9643,2.9121,0.0986,3,8,0.2122
5105-28233-0007.flac,henon,-10,1.0443,0.9779,3.9832,0.0009,11,8,0.1822
5105-28233-0007.flac,henon,-5,1.0476,0.9785,3.2829,0.0011,13,8,0.1855
5105-28233-0007.flac,henon,0,1.0592,0.9754,3.3015,0.0028,6,8,0.1868
5105-28233-0007.flac,henon,5,1.1042,0.9432,3.142,0.0141,3,8,0.2028
5105-28233-0007.flac,henon,10,1.2334,0.9442,2.7219,0.0965,3,8,0.2189
5105-28233-0007.flac,bernoulli,-10,4.5199,0.9407,0.7334,0.5163,3,8,0.3792
5105-28233-0007.flac,bernoulli,-5,4.5541,0.9407,0.8155,0.3224,3,8,0.3698
5105-28233-0007.flac,bernoulli,0,4.5693,0.9407,0.8554,0.2212,3,8,0.3653
5105-28233-0007.flac,bernoulli,5,4.5725,0.9407,0.848,0.2214,3,8,0.3659
5105-28233-0007.flac,bernoulli,10,4.573,0.9407,0.8371,0.2014,3,8,0.3664
5105-28233-0007.flac,ikeda,-10,1.0413,0.9746,4.2006,0.0011,5,8,0.1527
5105-28233-0007.flac,ikeda,-5,1.0439,0.9765,3.3066,0.0009,4,8,0.1614
5105-28233-0007.flac,ikeda,0,1.054,0.9711,3.3112,0.0031,3,8,0.1656
5105-28233-0007.flac,ikeda,5,1.097,0.9672,3.2467,0.0176,3,8,0.1772
5105-28233-0007.flac,ikeda,10,1.2207,0.9661,2.8257,0.0792,3,8,0.2011
5105-28233-0007.flac,lorenz,-10,1.0454,0.933,1.4719,0.1738,3,4,0.2836
5105-28233-0007.flac,lorenz,-5,1.1017,0.9533,1.6061,0.1171,3,4,0.272
5105-28233-0007.flac,lorenz,0,1.1876,0.8911,1.9029,0.0604,3,8,0.2963
5105-28233-0007.flac,lorenz,5,1.3058,0.9133,1.7278,0.0901,3,8,0.2913
5105-28233-0007.flac,lorenz,10,1.5753,0.9341,1.4626,0.1085,3,8,0.3054
5105-28233-0007.flac,rossler,-10,1.0575,0.9385,1.3473,0.1954,3,4,0.2988
5105-28233-0007.flac,rossler,-5,1.1149,0.9555,1.4966,0.1432,3,4,0.2824
5105-28233-0007.flac,rossler,0,1.2287,0.8686,1.9489,0.0686,3,8,0.302
5105-28233-0007.flac,rossler,5,1.4418,0.8935,1.881,0.0943,3,8,0.3089
5105-28233-0007.flac,rossler,10,1.7076,0.9171,1.6611,0.136,3,8,0.2968
5105-28233-0007.flac,chen,-10,1.0602,0.8442,1.8633,0.0913,3,4,0.2892
5105-28233-0007.flac,chen,-5,1.0693,0.7989,2.4009,0.0341,3,8,0.2754
5105-28233-0007.flac,chen,0,1.1082,0.8478,2.3065,0.036,3,8,0.2744
5105-28233-0007.flac,chen,5,1.2591,0.8797,2.1174,0.0534,3,8,0.2886
5105-28233-0007.flac,chen,10,1.5432,0.9076,1.8079,0.1113,3,8,0.2929
5105-28233-0007.flac,mackey_glass,-10,1.0977,0.8562,1.842,0.1078,3,4,0.291
5105-28233-0007.flac,mackey_glass,-5,1.1269,0.9188,1.9389,0.0846,3,4,0.2498
5105-28233-0007.flac,mackey_glass,0,1.1992,0.8701,2.3774,0.041,3,8,0.2673
5105-28233-0007.flac,mackey_glass,5,1.3573,0.9022,2.1796,0.0554,3,8,0.2673
5105-28233-0007.flac,mackey_glass,10,1.6211,0.9159,1.8438,0.1193,3,8,0.2888
5105-28233-0007.flac,duffing,-10,1.053,0.9519,1.2446,0.2205,3,3,0.2913
5105-28233-0007.flac,duffing,-5,1.1048,0.9527,1.5839,0.1237,3,4,0.2769
5105-28233-0007.flac,duffing,0,1.2174,0.8905,1.9302,0.0645,3,8,0.2988
5105-28233-0007.flac,duffing,5,1.4042,0.9158,1.7692,0.0717,3,8,0.2885
5105-28233-0007.flac,duffing,10,1.5717,0.9376,1.5312,0.1312,3,8,0.299
4077-13751-0018.flac,logistic,-10,1.0427,0.9786,3.2339,0.001,7,8,0.1971
4077-13751-0018.flac,logistic,-5,1.0442,0.9775,3.3763,0.0014,4,8,0.1823
4077-13751-0018.flac,logistic,0,1.0518,0.9779,3.4842,0.0039,4,8,0.1685
4077-13751-0018.flac,logistic,5,1.0792,0.9747,3.5052,0.0172,4,8,0.1608
4077-13751-0018.flac,logistic,10,1.1573,0.9706,3.266,0.087,3,8,0.1647
4077-13751-0018.flac,skew_tent,-10,1.0459,0.9807,3.247,0.0009,6,8,0.2055
4077-13751-0018.flac,skew_tent,-5,1.0488,0.9811,3.3855,0.0014,7,8,0.1868
4077-13751-0018.flac,skew_tent,0,1.0596,0.9763,3.4882,0.0042,3,8,0.1721
4077-13751-0018.flac,skew_tent,5,1.0926,0.9754,3.5003,0.0214,3,8,0.1628
4077-13751-0018.flac,skew_tent,10,1.1776,0.9709,3.5257,0.0872,3,8,0.1627
4077-13751-0018.flac,henon,-10,1.0551,0.9774,3.2799,0.0013,10,8,0.2027
4077-13751-0018.flac,henon,-5,1.0567,0.9769,3.3918,0.0019,10,8,0.1839
4077-13751-0018.flac,henon,0,1.0657,0.974,3.4843,0.0059,7,8,0.1695
4077-13751-0018.flac,henon,5,1.0964,0.9458,3.4404,0.019,3,8,0.1684
4077-13751-0018.flac,henon,10,1.18,0.957,3.2188,0.0787,3,8,0.1695
4077-13751-0018.flac,bernoulli,-10,4.5132,0.889,0.0152,0.9746,4,8,0.6721
4077-13751-0018.flac,bernoulli,-5,4.5379,0.889,0.1987,0.7768,4,8,0.5849
4077-13751-0018.flac,bernoulli,0,4.5567,0.889,1.3546,0.4418,4,8,0.3988
4077-13751-0018.flac,bernoulli,5,4.5658,0.889,1.5796,0.304,4,8,0.3551
4077-13751-0018.flac,bernoulli,10,4.5675,0.889,1.6534,0.2633,4,8,0.3422
4077-13751-0018.flac,ikeda,-10,1.0482,0.981,3.5295,0.0012,8,8,0.1638
4077-13751-0018.flac,ikeda,-5,1.0494,0.9817,3.4227,0.0019,7,8,0.1552
4077-13751-0018.flac,ikeda,0,1.0585,0.9786,3.5091,0.0045,4,8,0.149
4077-13751-0018.flac,ikeda,5,1.0888,0.9763,3.507,0.022,4,8,0.1483
4077-13751-0018.flac,ikeda,10,1.1657,0.9668,3.2137,0.0922,3,8,0.1596
4077-13751-0018.flac,lorenz,-10,1.0713,0.9408,1.3288,0.2084,17,3,0.3164
4077-13751-0018.flac,lorenz,-5,1.1443,0.9597,1.8931,0.1293,23,4,0.2716
4077-13751-0018.flac,lorenz,0,1.2763,0.9342,1.9445,0.1151,20,4,0.2611
4077-13751-0018.flac,lorenz,5,1.5328,0.9484,2.2454,0.1148,14,5,0.2392
4077-13751-0018.flac,lorenz,10,1.951,0.9329,1.0625,0.3384,4,4,0.2903
4077-13751-0018.flac,rossler,-10,1.0665,0.943,1.4846,0.1608,35,3,0.3081
4077-13751-0018.flac,rossler,-5,1.1241,0.8349,1.9,0.1099,25,4,0.3265
4077-13751-0018.flac,rossler,0,1.2505,0.8764,1.9288,0.1376,15,4,0.3057
4077-13751-0018.flac,rossler,5,1.4716,0.9109,1.3683,0.3019,4,4,0.2814
4077-13751-0018.flac,rossler,10,1.8218,0.928,1.9511,0.1937,14,5,0.2519
4077-13751-0018.flac,chen,-10,1.1519,0.874,2.1937,0.0677,11,4,0.292
4077-13751-0018.flac,chen,-5,1.1152,0.9227,2.2901,0.0619,13,4,0.2523
4077-13751-0018.flac,chen,0,1.168,0.9182,2.7199,0.0401,13,5,0.2333
4077-13751-0018.flac,chen,5,1.3049,0.965,2.5939,0.0682,13,5,0.2171
4077-13751-0018.flac,chen,10,1.5771,0.9522,2.9589,0.0504,14,8,0.2152
4077-13751-0018.flac,mackey_glass,-10,1.1143,0.9364,1.5338,0.1411,11,3,0.2823
4077-13751-0018.flac,mackey_glass,-5,1.1444,0.838,2.0462,0.0913,12,4,0.2997
4077-13751-0018.flac,mackey_glass,0,1.2131,0.8906,2.1706,0.0917,12,4,0.2716
4077-13751-0018.flac,mackey_glass,5,1.3624,0.8932,2.7894,0.056,12,6,0.242
4077-13751-0018.flac,mackey_glass,10,1.6125,0.9456,2.9715,0.0447,14,8,0.214
4077-13751-0018.flac,duffing,-10,1.0654,0.9691,1.5365,0.1381,31,3,0.3043
4077-13751-0018.flac,duffing,-5,1.1276,0.9062,1.9422,0.0982,24,4,0.2882
4077-13751-0018.flac,duffing,0,1.2877,0.9241,1.9208,0.1432,16,4,0.2677
4077-13751-0018.flac,duffing,5,1.6022,0.9371,2.2162,0.1101,16,5,0.2445
4077-13751-0018.flac,duffing,10,2.0995,0.8642,2.0772,0.1782,4,8,0.3078
2961-961-0022.flac,logistic,-10,1.0294,0.9798,3.306,0.0011,6,8,0.2128
2961-961-0022.flac,logistic,-5,1.0304,0.9809,3.3927,0.0018,7,8,0.2081
2961-961-0022.flac,logistic,0,1.0357,0.9805,3.5042,0.0057,7,8,0.2058
2961-961-0022.flac,logistic,5,1.0588,0.9801,3.3846,0.0536,6,8,0.2087
2961-961-0022.flac,logistic,10,1.1379,0.9803,0.3776,0.4841,10,8,0.3348
2961-961-0022.flac,skew_tent,-10,1.0302,0.9803,3.3726,0.0009,10,8,0.225
2961-961-0022.flac,skew_tent,-5,1.0324,0.9812,3.4143,0.0017,10,8,0.222
2961-961-0022.flac,skew_tent,0,1.0391,0.9787,3.5364,0.006,9,8,0.2204
2961-961-0022.flac,skew_tent,5,1.0601,0.978,3.4519,0.0489,9,8,0.2205
2961-961-0022.flac,skew_tent,10,1.1352,0.9776,5.1121,0.4014,9,8,0.2059
2961-961-0022.flac,henon,-10,1.0376,0.9784,3.3433,0.0015,12,8,0.2287
2961-961-0022.flac,henon,-5,1.0375,0.9761,3.4127,0.0023,15,8,0.2242
2961-961-0022.flac,henon,0,1.0423,0.9802,3.501,0.01,13,8,0.2206
2961-961-0022.flac,henon,5,1.0656,0.9801,3.3488,0.0581,11,8,0.223
2961-961-0022.flac,henon,10,1.1445,0.9786,4.8977,0.4165,10,8,0.2095
2961-961-0022.flac,bernoulli,-10,4.5083,0.9808,0,1,8,4,0.4975
2961-961-0022.flac,bernoulli,-5,4.5311,0.9808,0,0.9972,8,4,0.4975
2961-961-0022.flac,bernoulli,0,4.5603,0.9808,0.0019,0.9691,8,4,0.4969
2961-961-0022.flac,bernoulli,5,4.5817,0.9808,0.0145,0.9363,8,4,0.4936
2961-961-0022.flac,bernoulli,10,4.5961,0.9808,0.0134,0.9036,8,4,0.4937
2961-961-0022.flac,ikeda,-10,1.0368,0.979,3.8803,0.0009,8,8,0.1768
2961-961-0022.flac,ikeda,-5,1.0365,0.982,3.4388,0.0017,10,8,0.1781
2961-961-0022.flac,ikeda,0,1.0419,0.9802,3.5433,0.0092,11,8,0.175
2961-961-0022.flac,ikeda,5,1.0681,0.9778,3.4501,0.0574,9,8,0.1757
2961-961-0022.flac,ikeda,10,1.1455,0.9756,0.5416,0.443,4,8,0.2853
2961-961-0022.flac,lorenz,-10,1.0499,0.907,1.0539,0.2827,15,3,0.3711
2961-961-0022.flac,lorenz,-5,1.0878,0.9329,1.0139,0.3065,16,3,0.3639
2961-961-0022.flac,lorenz,0,1.208,0.9537,0.9028,0.3487,17,3,0.3619
2961-961-0022.flac,lorenz,5,1.4451,0.9639,0.6851,0.4752,16,3,0.3742
2961-961-0022.flac,lorenz,10,1.8235,0.9649,0.9252,0.6704,15,3,0.3585
2961-961-0022.flac,rossler,-10,1.0385,0.8966,1.1722,0.1813,32,3,0.4131
2961-961-0022.flac,rossler,-5,1.059,0.9126,1.1418,0.2066,34,3,0.3666
2961-961-0022.flac,rossler,0,1.1439,0.87,1.0407,0.2663,27,3,0.4408
2961-961-0022.flac,rossler,5,1.3694,0.9595,1.0319,0.4165,39,3,0.3538
2961-961-0022.flac,rossler,10,1.7597,0.8913,0.0654,0.6882,24,3,0.6518
2961-961-0022.flac,chen,-10,1.0662,0.9019,1.5916,0.124,10,3,0.2987
2961-961-0022.flac,chen,-5,1.0855,0.9089,1.5466,0.1443,10,3,0.2978
2961-961-0022.flac,chen,0,1.1622,0.9249,1.4038,0.1992,10,3,0.2982
2961-961-0022.flac,chen,5,1.3574,0.9271,1.8787,0.2776,11,4,0.281
2961-961-0022.flac,chen,10,1.6877,0.9138,0.0733,0.6541,10,4,0.4415
2961-961-0022.flac,mackey_glass,-10,1.0781,0.9375,1.4214,0.1534,11,3,0.3001
2961-961-0022.flac,mackey_glass,-5,1.1177,0.9423,1.4009,0.1703,11,3,0.2979
2961-961-0022.flac,mackey_glass,0,1.2318,0.9499,1.2975,0.2226,11,3,0.2989
2961-961-0022.flac,mackey_glass,5,1.4505,0.9563,1.5285,0.3764,11,3,0.2876
2961-961-0022.flac,mackey_glass,10,1.7718,0.8735,0.1017,0.6497,10,4,0.5962
2961-961-0022.flac,duffing,-10,1.0426,0.89,1.2123,0.2216,17,3,0.4188
2961-961-0022.flac,duffing,-5,1.0785,0.8949,1.1882,0.252,17,3,0.4225
2961-961-0022.flac,duffing,0,1.2331,0.936,1.1528,0.296,22,3,0.35
2961-961-0022.flac,duffing,5,1.527,0.935,1.2301,0.4562,18,3,0.3455
2961-961-0022.flac,duffing,10,1.9619,0.911,1.5229,0.632,19,4,0.348
2300-131720-0028.flac,logistic,-10,1.0263,0.9773,3.6033,0.0007,6,8,0.1857
2300-131720-0028.flac,logistic,-5,1.0262,0.9792,4.1708,0.0007,11,8,0.1711
2300-131720-0028.flac,logistic,0,1.0292,0.9659,3.4232,0.0012,13,8,0.1773
2300-131720-0028.flac,logistic,5,1.0385,0.9602,3.062,0.0188,11,5,0.1847
2300-131720-0028.flac,logistic,10,1.0678,0.9466,2.374,0.0608,10,4,0.2081
2300-131720-0028.flac,skew_tent,-10,1.0237,0.979,4.1977,0.0008,7,8,0.1907
2300-131720-0028.flac,skew_tent,-5,1.0242,0.9768,4.191,0.0007,9,8,0.178
2300-131720-0028.flac,skew_tent,0,1.0285,0.9683,3.2031,0.0009,12,8,0.1834
2300-131720-0028.flac,skew_tent,5,1.0393,0.9835,2.6614,0.0356,13,4,0.1878
2300-131720-0028.flac,skew_tent,10,1.075,0.9417,2.3987,0.057,11,4,0.2105
2300-131720-0028.flac,henon,-10,1.0273,0.9768,3.2934,0.0011,11,8,0.1952
2300-131720-0028.flac,henon,-5,1.0263,0.9757,3.8113,0.0009,10,8,0.1781
2300-131720-0028.flac,henon,0,1.0297,0.9349,3.2789,0.0025,3,8,0.1879
2300-131720-0028.flac,henon,5,1.0419,0.9896,2.3777,0.0597,3,4,0.19
2300-131720-0028.flac,henon,10,1.08,0.9458,2.3649,0.0696,10,4,0.21
2300-131720-0028.flac,bernoulli,-10,4.4937,0.9393,0.0187,0.7464,12,3,0.4615
2300-131720-0028.flac,bernoulli,-5,4.515,0.9393,1.55,0.425,12,3,0.3093
2300-131720-0028.flac,bernoulli,0,4.549,0.9393,1.334,0.2161,12,3,0.3152
2300-131720-0028.flac,bernoulli,5,4.5744,0.9393,1.4941,0.1499,12,3,0.3073
2300-131720-0028.flac,bernoulli,10,4.592,0.9393,1.556,0.148,12,3,0.3048
2300-131720-0028.flac,ikeda,-10,1.0307,0.9813,4.0269,0.0008,8,8,0.1522
2300-131720-0028.flac,ikeda,-5,1.0298,0.9706,3.233,0.0009,4,8,0.1586
2300-131720-0028.flac,ikeda,0,1.0325,0.9647,3.2861,0.0014,11,8,0.1593
2300-131720-0028.flac,ikeda,5,1.0411,0.9256,3.247,0.0139,11,6,0.1768
2300-131720-0028.flac,ikeda,10,1.0714,0.9348,2.3494,0.0548,10,4,0.2049
2300-131720-0028.flac,lorenz,-10,1.053,0.9447,1.8926,0.1153,15,4,0.3053
2300-131720-0028.flac,lorenz,-5,1.0811,0.974,2.1716,0.0618,20,4,0.2791
2300-131720-0028.flac,lorenz,0,1.196,0.9698,2.2665,0.0443,20,4,0.2716
2300-131720-0028.flac,lorenz,5,1.4077,0.9572,2.2523,0.0401,20,4,0.2731
2300-131720-0028.flac,lorenz,10,1.8443,0.9138,2.0418,0.0526,13,4,0.2915
2300-131720-0028.flac,rossler,-10,1.0535,0.9168,1.6635,0.1155,27,3,0.3262
2300-131720-0028.flac,rossler,-5,1.0794,0.9534,1.8362,0.079,19,3,0.2987
2300-131720-0028.flac,rossler,0,1.1577,0.9599,1.8823,0.0727,19,3,0.2876
2300-131720-0028.flac,rossler,5,1.2739,0.9423,1.7947,0.0813,15,3,0.2921
2300-131720-0028.flac,rossler,10,1.597,0.9396,1.6998,0.085,12,3,0.2966
2300-131720-0028.flac,chen,-10,1.0758,0.9116,2.3017,0.059,11,4,0.2698
2300-131720-0028.flac,chen,-5,1.0859,0.939,2.4361,0.0484,11,4,0.2578
2300-131720-0028.flac,chen,0,1.1313,0.9619,2.4684,0.0404,12,4,0.2539
2300-131720-0028.flac,chen,5,1.2331,0.9473,2.2746,0.0547,11,4,0.2669
2300-131720-0028.flac,chen,10,1.4509,0.9409,2.1118,0.0655,12,4,0.2787
2300-131720-0028.flac,mackey_glass,-10,1.1083,0.8452,2.115,0.0773,12,4,0.31
2300-131720-0028.flac,mackey_glass,-5,1.1142,0.9027,2.3631,0.052,12,4,0.2674
2300-131720-0028.flac,mackey_glass,0,1.1694,0.9247,2.4473,0.0468,11,4,0.258
2300-131720-0028.flac,mackey_glass,5,1.2953,0.9351,2.3907,0.0473,11,4,0.2618
2300-131720-0028.flac,mackey_glass,10,1.5372,0.9319,2.2144,0.0586,11,4,0.2749
2300-131720-0028.flac,duffing,-10,1.0507,0.9274,2.0358,0.082,20,4,0.31
2300-131720-0028.flac,duffing,-5,1.0796,0.9609,2.2538,0.0517,22,4,0.2834
2300-131720-0028.flac,duffing,0,1.1448,0.9496,2.269,0.0432,19,4,0.2784
2300-131720-0028.flac,duffing,5,1.4567,0.9443,2.2693,0.048,20,4,0.278
2300-131720-0028.flac,duffing,10,1.9632,0.907,2.0343,0.0578,13,4,0.2953
3575-170457-0046.flac,logistic,-10,1.0264,0.9788,3.6297,0.001,6,8,0.187
3575-170457-0046.flac,logistic,-5,1.027,0.979,4.0173,0.0011,10,8,0.1698
3575-170457-0046.flac,logistic,0,1.0304,0.9755,3.389,0.0021,10,8,0.1674
3575-170457-0046.flac,logistic,5,1.0401,0.9609,3.4142,0.0096,9,8,0.1667
3575-170457-0046.flac,logistic,10,1.0741,0.9508,2.8603,0.0655,10,6,0.1822
3575-170457-0046.flac,skew_tent,-10,1.0273,0.979,3.4627,0.0011,7,8,0.1988
3575-170457-0046.flac,skew_tent,-5,1.0285,0.9769,3.3517,0.0013,7,8,0.1847
3575-170457-0046.flac,skew_tent,0,1.0323,0.9707,3.4258,0.0027,4,8,0.1714
3575-170457-0046.flac,skew_tent,5,1.0424,0.959,3.4208,0.0097,9,8,0.169
3575-170457-0046.flac,skew_tent,10,1.0754,0.9429,3.2122,0.0482,9,8,0.1794
3575-170457-0046.flac,henon,-10,1.0336,0.9764,3.3275,0.0014,8,8,0.1982
3575-170457-0046.flac,henon,-5,1.031,0.9814,3.3406,0.0015,11,8,0.1803
3575-170457-0046.flac,henon,0,1.0341,0.9738,3.4023,0.0029,5,8,0.1686
3575-170457-0046.flac,henon,5,1.0442,0.9546,3.3933,0.0121,3,8,0.1687
3575-170457-0046.flac,henon,10,1.078,0.9546,3.0577,0.0471,10,7,0.1775
3575-170457-0046.flac,bernoulli,-10,4.5093,0.969,0.0131,0.8145,9,4,0.4023
3575-170457-0046.flac,bernoulli,-5,4.5443,0.969,0.4375,0.5297,9,4,0.3273
3575-170457-0046.flac,bernoulli,0,4.5731,0.969,1.1758,0.3497,9,4,0.2669
3575-170457-0046.flac,bernoulli,5,4.5927,0.969,1.3943,0.2659,9,4,0.2557
3575-170457-0046.flac,bernoulli,10,4.6205,0.969,1.354,0.2097,9,4,0.2571
3575-170457-0046.flac,ikeda,-10,1.0296,0.9781,3.3872,0.001,9,8,0.1634
3575-170457-0046.flac,ikeda,-5,1.0297,0.9753,3.7013,0.0013,4,8,0.1527
3575-170457-0046.flac,ikeda,0,1.033,0.9679,3.4274,0.0025,4,8,0.1542
3575-170457-0046.flac,ikeda,5,1.0441,0.962,3.426,0.0102,9,8,0.1582
3575-170457-0046.flac,ikeda,10,1.0772,0.9462,2.9938,0.0641,9,6,0.1775
3575-170457-0046.flac,lorenz,-10,1.0389,0.9345,1.5168,0.1728,16,4,0.3083
3575-170457-0046.flac,lorenz,-5,1.0614,0.9673,1.7147,0.111,15,4,0.2714
3575-170457-0046.flac,lorenz,0,1.1419,0.9877,1.8779,0.103,16,4,0.2452
3575-170457-0046.flac,lorenz,5,1.3344,0.9863,1.9089,0.1124,11,4,0.2365
3575-170457-0046.flac,lorenz,10,1.6915,0.966,1.8108,0.1459,9,4,0.2405
3575-170457-0046.flac,rossler,-10,1.034,0.8606,1.4271,0.1157,28,4,0.3633
3575-170457-0046.flac,rossler,-5,1.0473,0.9056,1.6159,0.1157,23,4,0.2969
3575-170457-0046.flac,rossler,0,1.0934,0.9709,1.7879,0.0792,18,4,0.2543
3575-170457-0046.flac,rossler,5,1.2463,0.9657,2.0825,0.0696,17,5,0.2385
3575-170457-0046.flac,rossler,10,1.5546,0.9644,2.0052,0.1043,11,5,0.2362
3575-170457-0046.flac,chen,-10,1.0729,0.9027,2.1518,0.0613,11,4,0.2696
3575-170457-0046.flac,chen,-5,1.0637,0.9495,2.2986,0.0517,12,4,0.2446
3575-170457-0046.flac,chen,0,1.1061,0.9603,2.3359,0.0624,11,4,0.2323
3575-170457-0046.flac,chen,5,1.2254,0.9471,2.5326,0.0562,10,5,0.2265
3575-170457-0046.flac,chen,10,1.4694,0.9526,1.9247,0.1264,9,4,0.2386
3575-170457-0046.flac,mackey_glass,-10,1.0698,0.9507,1.6577,0.1156,11,3,0.2693
3575-170457-0046.flac,mackey_glass,-5,1.0888,0.8858,2.1912,0.0699,11,4,0.2761
3575-170457-0046.flac,mackey_glass,0,1.1616,0.932,2.282,0.065,11,4,0.2386
3575-170457-0046.flac,mackey_glass,5,1.3213,0.9438,2.1527,0.0857,10,4,0.2354
3575-170457-0046.flac,mackey_glass,10,1.5882,0.9663,1.9126,0.128,10,4,0.2357
3575-170457-0046.flac,duffing,-10,1.0328,0.9342,2.0466,0.1152,19,4,0.2896
3575-170457-0046.flac,duffing,-5,1.0591,0.9553,2.0777,0.0812,22,4,0.2626
3575-170457-0046.flac,duffing,0,1.1773,0.9712,2.0058,0.0938,12,4,0.2451
3575-170457-0046.flac,duffing,5,1.4273,0.9849,1.9479,0.1141,11,4,0.2336
3575-170457-0046.flac,duffing,10,1.831,0.9673,1.8533,0.1602,9,4,0.2383
2300-131720-0035.flac,logistic,-10,1.0326,0.9799,3.3046,0.0014,6,8,0.2092
2300-131720-0035.flac,logistic,-5,1.023,0.9766,3.3852,0.0018,8,8,0.2033
2300-131720-0035.flac,logistic,0,1.025,0.9793,3.4992,0.0057,8,8,0.1954
2300-131720-0035.flac,logistic,5,1.032,0.9776,3.432,0.0396,6,8,0.1902
2300-131720-0035.flac,logistic,10,1.0521,0.9683,4.4787,0.2814,9,8,0.1784
2300-131720-0035.flac,skew_tent,-10,1.0216,0.9738,3.3196,0.001,7,8,0.2249
2300-131720-0035.flac,skew_tent,-5,1.0214,0.9772,3.4193,0.002,9,8,0.2181
2300-131720-0035.flac,skew_tent,0,1.0241,0.9799,3.5361,0.0066,8,8,0.2088
2300-131720-0035.flac,skew_tent,5,1.0328,0.9788,3.4654,0.0457,5,8,0.1996
2300-131720-0035.flac,skew_tent,10,1.058,0.9745,4.7304,0.301,5,8,0.181
2300-131720-0035.flac,henon,-10,1.0244,0.9796,3.3349,0.0016,11,8,0.2239
2300-131720-0035.flac,henon,-5,1.023,0.9777,3.711,0.0036,13,8,0.2111
2300-131720-0035.flac,henon,0,1.0253,0.9771,3.4884,0.009,8,8,0.205
2300-131720-0035.flac,henon,5,1.0353,0.9743,3.3815,0.0552,8,8,0.1977
2300-131720-0035.flac,henon,10,1.0617,0.9099,3.818,0.3092,3,8,0.2073
2300-131720-0035.flac,bernoulli,-10,4.5781,0.9362,0,1,20,4,0.4805
2300-131720-0035.flac,bernoulli,-5,4.6272,0.9362,0,0.9925,20,4,0.4804
2300-131720-0035.flac,bernoulli,0,4.6405,0.9362,0.0042,0.9262,20,4,0.4783
2300-131720-0035.flac,bernoulli,5,4.6433,0.9362,0.0437,0.7915,20,4,0.4667
2300-131720-0035.flac,bernoulli,10,4.6438,0.9362,0.907,0.7323,20,4,0.3573
2300-131720-0035.flac,ikeda,-10,1.0285,0.9789,3.3762,0.0012,11,8,0.1793
2300-131720-0035.flac,ikeda,-5,1.0258,0.9796,3.4548,0.0024,8,8,0.1721
2300-131720-0035.flac,ikeda,0,1.0276,0.9797,3.5499,0.0079,8,8,0.1644
2300-131720-0035.flac,ikeda,5,1.0345,0.9791,3.4558,0.0565,7,8,0.1616
2300-131720-0035.flac,ikeda,10,1.0558,0.9751,0.9351,0.3469,4,8,0.2375
2300-131720-0035.flac,lorenz,-10,1.0486,0.9339,1.1461,0.2633,17,3,0.3562
2300-131720-0035.flac,lorenz,-5,1.0726,0.9567,1.2207,0.2653,19,3,0.3421
2300-131720-0035.flac,lorenz,0,1.1847,0.9678,1.2882,0.3,20,3,0.3297
2300-131720-0035.flac,lorenz,5,1.3718,0.9868,1.939,0.2833,28,4,0.2903
2300-131720-0035.flac,lorenz,10,1.752,0.9779,0.2582,0.5035,28,4,0.3994
2300-131720-0035.flac,rossler,-10,1.0467,0.9195,1.3022,0.1718,34,3,0.3578
2300-131720-0035.flac,rossler,-5,1.0737,0.936,1.3694,0.1861,38,3,0.3462
2300-131720-0035.flac,rossler,0,1.1457,0.9192,1.5146,0.2525,33,3,0.3401
2300-131720-0035.flac,rossler,5,1.2666,0.9271,0.7049,0.3732,32,3,0.3769
2300-131720-0035.flac,rossler,10,1.5542,0.9174,0.1106,0.6054,27,3,0.4524
2300-131720-0035.flac,chen,-10,1.0694,0.9233,1.6304,0.112,11,3,0.2912
2300-131720-0035.flac,chen,-5,1.0794,0.8722,1.9754,0.0805,11,4,0.3101
2300-131720-0035.flac,chen,0,1.1137,0.8971,1.9501,0.104,12,4,0.3092
2300-131720-0035.flac,chen,5,1.1889,0.9371,1.7532,0.1926,14,4,0.2811
2300-131720-0035.flac,chen,10,1.359,0.9346,0.3141,0.468,13,4,0.386
2300-131720-0035.flac,mackey_glass,-10,1.0844,0.9514,1.5061,0.1455,12,3,0.2906
2300-131720-0035.flac,mackey_glass,-5,1.102,0.9531,1.5008,0.1669,12,3,0.2883
2300-131720-0035.flac,mackey_glass,0,1.151,0.8504,1.8273,0.15,13,4,0.3347
2300-131720-0035.flac,mackey_glass,5,1.2525,0.8846,1.4911,0.2433,13,4,0.3589
2300-131720-0035.flac,mackey_glass,10,1.448,0.9208,0.2769,0.5015,14,4,0.3946
2300-131720-0035.flac,duffing,-10,1.0433,0.9764,1.5035,0.1304,48,3,0.3308
2300-131720-0035.flac,duffing,-5,1.0704,0.9485,1.3514,0.2221,22,3,0.3433
2300-131720-0035.flac,duffing,0,1.1383,0.9417,1.1619,0.2988,19,3,0.3492
2300-131720-0035.flac,duffing,5,1.4025,0.9296,0.9674,0.3374,22,4,0.3541
2300-131720-0035.flac,duffing,10,1.8475,0.9537,0.2327,0.5313,28,4,0.4135
5142-36377-0014.flac,logistic,-10,1.0212,0.9797,3.3088,0.0013,9,8,0.2152
5142-36377-0014.flac,logistic,-5,1.0219,0.9813,3.3927,0.0023,6,8,0.2116
5142-36377-0014.flac,logistic,0,1.0253,0.98,3.4947,0.0062,6,8,0.2072
5142-36377-0014.flac,logistic,5,1.0428,0.9819,3.3616,0.0551,6,8,0.2048
5142-36377-0014.flac,logistic,10,1.1151,0.9814,5.1596,0.5995,6,8,0.1846
5142-36377-0014.flac,skew_tent,-10,1.02,0.9808,3.2803,0.0011,10,8,0.2263
5142-36377-0014.flac,skew_tent,-5,1.0207,0.9793,3.4316,0.002,11,8,0.2214
5142-36377-0014.flac,skew_tent,0,1.0231,0.9824,3.5374,0.0074,14,8,0.2151
5142-36377-0014.flac,skew_tent,5,1.0379,0.9778,3.4223,0.0697,9,8,0.213
5142-36377-0014.flac,skew_tent,10,1.1081,0.978,0.2602,0.5278,8,8,0.3497
5142-36377-0014.flac,henon,-10,1.0228,0.9774,3.3505,0.0015,14,8,0.2307
5142-36377-0014.flac,henon,-5,1.0225,0.9801,3.4174,0.0032,18,8,0.2256
5142-36377-0014.flac,henon,0,1.0243,0.9767,3.4939,0.0107,13,8,0.2206
5142-36377-0014.flac,henon,5,1.0402,0.9771,3.4902,0.0642,12,8,0.2135
5142-36377-0014.flac,henon,10,1.1119,0.9772,0.1437,0.5055,13,8,0.3705
5142-36377-0014.flac,bernoulli,-10,4.5181,0.9417,0,1,3,8,0.4781
5142-36377-0014.flac,bernoulli,-5,4.5498,0.9417,0,0.9997,3,8,0.4781
5142-36377-0014.flac,bernoulli,0,4.5753,0.9417,0.0013,0.9988,3,8,0.4778
5142-36377-0014.flac,bernoulli,5,4.5924,0.9417,0.0115,0.984,3,8,0.475
5142-36377-0014.flac,bernoulli,10,4.5987,0.9417,0.0108,0.9625,3,8,0.4749
5142-36377-0014.flac,ikeda,-10,1.0246,0.9803,3.5346,0.0011,11,8,0.1845
5142-36377-0014.flac,ikeda,-5,1.0251,0.9803,3.4498,0.002,11,8,0.1838
5142-36377-0014.flac,ikeda,0,1.0306,0.9788,3.5518,0.0091,6,8,0.1793
5142-36377-0014.flac,ikeda,5,1.0533,0.9796,3.5783,0.0763,11,8,0.1741
5142-36377-0014.flac,ikeda,10,1.1347,0.9798,0.2377,0.5512,12,8,0.3182
5142-36377-0014.flac,lorenz,-10,1.0346,0.9153,1.0751,0.25,16,3,0.353
5142-36377-0014.flac,lorenz,-5,1.0566,0.9184,1.0168,0.3069,16,3,0.3484
5142-36377-0014.flac,lorenz,0,1.1124,0.9224,0.9346,0.3745,16,3,0.3468
5142-36377-0014.flac,lorenz,5,1.2432,0.8481,0.6771,0.6062,6,3,0.5262
5142-36377-0014.flac,lorenz,10,1.5049,0.8186,0.1309,0.7769,6,4,0.6467
5142-36377-0014.flac,rossler,-10,1.0272,0.8952,1.214,0.1806,29,3,0.3948
5142-36377-0014.flac,rossler,-5,1.0433,0.8829,1.2213,0.2034,25,3,0.3941
5142-36377-0014.flac,rossler,0,1.0851,0.8098,0.8526,0.4207,6,3,0.4813
5142-36377-0014.flac,rossler,5,1.2133,0.836,0.8958,0.6041,6,3,0.5137
5142-36377-0014.flac,rossler,10,1.5042,0.7928,0.1145,0.8188,6,4,0.6681
5142-36377-0014.flac,chen,-10,1.0554,0.9207,1.5955,0.1182,11,3,0.2894
5142-36377-0014.flac,chen,-5,1.0541,0.8989,1.5242,0.1491,10,3,0.3292
5142-36377-0014.flac,chen,0,1.0726,0.9005,1.5799,0.2097,10,3,0.2902
5142-36377-0014.flac,chen,5,1.1423,0.9076,1.7443,0.4093,10,3,0.2839
5142-36377-0014.flac,chen,10,1.2927,0.8784,0.0199,0.7222,10,4,0.6156
5142-36377-0014.flac,mackey_glass,-10,1.0498,0.9524,1.4454,0.1495,12,3,0.29
5142-36377-0014.flac,mackey_glass,-5,1.0588,0.9537,1.3976,0.1702,12,3,0.2883
5142-36377-0014.flac,mackey_glass,0,1.0947,0.9579,1.2631,0.234,12,3,0.2897
5142-36377-0014.flac,mackey_glass,5,1.1754,0.9602,1.5281,0.3926,12,3,0.2755
5142-36377-0014.flac,mackey_glass,10,1.3554,0.8508,0.0201,0.7404,12,4,0.6281
5142-36377-0014.flac,duffing,-10,1.0287,0.9043,1.2334,0.1988,19,3,0.3572
5142-36377-0014.flac,duffing,-5,1.0472,0.833,1.0728,0.2802,13,3,0.4426
5142-36377-0014.flac,duffing,0,1.1209,0.7932,0.8245,0.4268,6,3,0.4991
5142-36377-0014.flac,duffing,5,1.3064,0.8846,0.6733,0.627,2,3,0.5346
5142-36377-0014.flac,duffing,10,1.6477,0.9339,0.021,0.8522,2,3,0.4717
121-123859-0001.flac,logistic,-10,1.0289,0.9801,3.2462,0.0013,6,8,0.2009
121-123859-0001.flac,logistic,-5,1.0303,0.9805,3.5306,0.0015,4,8,0.1854
121-123859-0001.flac,logistic,0,1.0415,0.9785,3.481,0.004,4,8,0.1762
121-123859-0001.flac,logistic,5,1.0702,0.9731,3.4654,0.0246,3,8,0.171
121-123859-0001.flac,logistic,10,1.1587,0.9653,3.7668,0.157,3,8,0.169
121-123859-0001.flac,skew_tent,-10,1.027,0.9815,3.501,0.0011,10,8,0.2043
121-123859-0001.flac,skew_tent,-5,1.0319,0.9764,3.8911,0.0016,8,8,0.1887
121-123859-0001.flac,skew_tent,0,1.0431,0.9783,3.5026,0.0051,5,8,0.1802
121-123859-0001.flac,skew_tent,5,1.071,0.9761,3.4633,0.0309,4,8,0.1727
121-123859-0001.flac,skew_tent,10,1.1574,0.9654,3.7335,0.1618,4,8,0.1712
121-123859-0001.flac,henon,-10,1.0395,0.9805,3.4878,0.0017,18,8,0.2045
121-123859-0001.flac,henon,-5,1.0388,0.9785,3.3891,0.0023,10,8,0.1924
121-123859-0001.flac,henon,0,1.0504,0.9788,3.472,0.006,8,8,0.179
121-123859-0001.flac,henon,5,1.0807,0.9687,3.4443,0.0237,5,8,0.1736
121-123859-0001.flac,henon,10,1.1747,0.9458,3.2775,0.1477,3,8,0.1812
121-123859-0001.flac,bernoulli,-10,4.5465,0.9261,0.0697,0.9343,3,4,0.4387
121-123859-0001.flac,bernoulli,-5,4.6304,0.9261,0.1086,0.8142,3,4,0.4283
121-123859-0001.flac,bernoulli,0,4.6439,0.9261,0.2827,0.7158,3,4,0.3959
121-123859-0001.flac,bernoulli,5,4.6439,0.9261,0.3867,0.6324,3,4,0.3797
121-123859-0001.flac,bernoulli,10,4.6439,0.9261,0.3936,0.6065,3,4,0.3783
121-123859-0001.flac,ikeda,-10,1.034,0.9754,3.7032,0.0009,6,8,0.1683
121-123859-0001.flac,ikeda,-5,1.0374,0.9786,3.4175,0.002,4,8,0.162
121-123859-0001.flac,ikeda,0,1.0492,0.9803,3.5049,0.006,4,8,0.1547
121-123859-0001.flac,ikeda,5,1.0857,0.9785,3.4587,0.0321,4,8,0.155
121-123859-0001.flac,ikeda,10,1.1845,0.9665,3.6371,0.1781,3,8,0.1619
121-123859-0001.flac,lorenz,-10,1.0384,0.9455,1.1821,0.2465,17,3,0.324
121-123859-0001.flac,lorenz,-5,1.0661,0.9398,0.9849,0.307,3,3,0.3274
121-123859-0001.flac,lorenz,0,1.1396,0.8742,1.2026,0.2917,3,4,0.3908
121-123859-0001.flac,lorenz,5,1.3081,0.9031,1.1481,0.3491,3,4,0.315
121-123859-0001.flac,lorenz,10,1.5792,0.9138,0.8465,0.4574,3,4,0.3292
121-123859-0001.flac,rossler,-10,1.0328,0.9515,1.2811,0.1545,36,3,0.3307
121-123859-0001.flac,rossler,-5,1.0573,0.945,0.9084,0.3467,3,3,0.3446
121-123859-0001.flac,rossler,0,1.1313,0.8633,1.0911,0.2974,3,4,0.4117
121-123859-0001.flac,rossler,5,1.3435,0.8976,1.1109,0.3506,3,4,0.4045
121-123859-0001.flac,rossler,10,1.6972,0.8199,1.4916,0.3386,3,8,0.3973
121-123859-0001.flac,chen,-10,1.0556,0.8587,2.0165,0.0734,10,4,0.2988
121-123859-0001.flac,chen,-5,1.0609,0.8818,2.086,0.0776,10,4,0.2852
121-123859-0001.flac,chen,0,1.089,0.9018,2.9509,0.0149,13,8,0.2386
121-123859-0001.flac,chen,5,1.1854,0.8857,2.8678,0.0446,10,8,0.2541
121-123859-0001.flac,chen,10,1.3906,0.8886,0.829,0.3879,3,4,0.4154
121-123859-0001.flac,mackey_glass,-10,1.0586,0.9542,1.5429,0.1356,12,3,0.2755
121-123859-0001.flac,mackey_glass,-5,1.0755,0.8187,1.8885,0.11,12,4,0.3163
121-123859-0001.flac,mackey_glass,0,1.1315,0.8495,1.8362,0.128,10,4,0.3086
121-123859-0001.flac,mackey_glass,5,1.249,0.8279,2.7236,0.0674,10,8,0.2766
121-123859-0001.flac,mackey_glass,10,1.4638,0.8193,2.0618,0.2778,3,8,0.3503
121-123859-0001.flac,duffing,-10,1.0332,0.904,1.7265,0.1232,22,4,0.313
121-123859-0001.flac,duffing,-5,1.0653,0.9466,0.9673,0.3282,3,3,0.3268
121-123859-0001.flac,duffing,0,1.1724,0.8848,1.1427,0.3155,3,4,0.3986
121-123859-0001.flac,duffing,5,1.413,0.9092,1.0775,0.357,3,4,0.3208
121-123859-0001.flac,duffing,10,1.7627,0.9241,0.9564,0.418,3,4,0.3195
3570-5696-0003.flac,logistic,-10,1.0624,0.9802,3.6247,0.0009,7,8,0.1865
3570-5696-0003.flac,logistic,-5,1.0191,0.9763,3.6399,0.001,7,8,0.1803
3570-5696-0003.flac,logistic,0,1.0199,0.9602,3.3378,0.0019,9,8,0.1825
3570-5696-0003.flac,logistic,5,1.0249,0.9389,3.3271,0.008,13,8,0.1879
3570-5696-0003.flac,logistic,10,1.0446,0.9761,2.0292,0.1037,15,4,0.2099
3570-5696-0003.flac,skew_tent,-10,1.0187,0.9778,3.6603,0.0009,8,8,0.2006
3570-5696-0003.flac,skew_tent,-5,1.0188,0.9751,3.2753,0.0013,5,8,0.1963
3570-5696-0003.flac,skew_tent,0,1.0199,0.9624,3.3477,0.0024,9,8,0.1907
3570-5696-0003.flac,skew_tent,5,1.0252,0.938,3.3314,0.0269,15,6,0.1961
3570-5696-0003.flac,skew_tent,10,1.0454,0.973,1.9027,0.1065,14,4,0.2217
3570-5696-0003.flac,henon,-10,1.0208,0.9781,3.3477,0.001,10,8,0.1987
3570-5696-0003.flac,henon,-5,1.0204,0.9765,3.8095,0.0009,10,8,0.1843
3570-5696-0003.flac,henon,0,1.0213,0.967,3.3261,0.0019,5,8,0.1858
3570-5696-0003.flac,henon,5,1.0266,0.9373,3.3257,0.0082,16,8,0.1928
3570-5696-0003.flac,henon,10,1.0493,0.9594,2.3809,0.086,18,5,0.2105
3570-5696-0003.flac,bernoulli,-10,4.4997,0.9711,0.196,0.7466,15,4,0.4061
3570-5696-0003.flac,bernoulli,-5,4.5343,0.9711,1.0445,0.4224,15,4,0.317
3570-5696-0003.flac,bernoulli,0,4.5594,0.9711,1.0488,0.2249,15,4,0.3154
3570-5696-0003.flac,bernoulli,5,4.5731,0.9711,1.114,0.2103,15,4,0.3115
3570-5696-0003.flac,bernoulli,10,4.5753,0.9711,1.1404,0.1804,15,4,0.3098
3570-5696-0003.flac,ikeda,-10,1.021,0.9748,4.2115,0.0008,6,8,0.1563
3570-5696-0003.flac,ikeda,-5,1.0206,0.9729,3.8346,0.0009,4,8,0.1553
3570-5696-0003.flac,ikeda,0,1.0216,0.9676,3.3582,0.0025,4,8,0.1609
3570-5696-0003.flac,ikeda,5,1.0268,0.9373,3.3343,0.0085,15,8,0.1756
3570-5696-0003.flac,ikeda,10,1.0477,0.9779,2.0044,0.1196,17,4,0.2045
3570-5696-0003.flac,lorenz,-10,1.0338,0.9538,1.4338,0.181,18,3,0.3158
3570-5696-0003.flac,lorenz,-5,1.0593,0.9174,1.9554,0.0802,19,4,0.2957
3570-5696-0003.flac,lorenz,0,1.1463,0.924,2.0702,0.0682,19,4,0.2822
3570-5696-0003.flac,lorenz,5,1.3192,0.9344,1.9404,0.0887,15,4,0.2783
3570-5696-0003.flac,lorenz,10,1.6751,0.9444,1.7331,0.1127,16,4,0.2814
3570-5696-0003.flac,rossler,-10,1.0233,0.9912,1.7162,0.1186,40,3,0.3003
3570-5696-0003.flac,rossler,-5,1.0366,0.8475,2.0943,0.0614,21,4,0.3266
3570-5696-0003.flac,rossler,0,1.08,0.9688,2.2397,0.0423,33,4,0.2668
3570-5696-0003.flac,rossler,5,1.2419,0.9073,2.06,0.0718,16,4,0.281
3570-5696-0003.flac,rossler,10,1.5992,0.9338,1.8708,0.1017,15,4,0.2781
3570-5696-0003.flac,chen,-10,1.0508,0.9129,2.2941,0.0492,12,4,0.2657
3570-5696-0003.flac,chen,-5,1.0606,0.9706,2.4604,0.0389,15,4,0.2438
3570-5696-0003.flac,chen,0,1.0961,0.9778,2.4279,0.043,14,4,0.2418
3570-5696-0003.flac,chen,5,1.1841,0.9755,2.322,0.0608,16,4,0.2471
3570-5696-0003.flac,chen,10,1.4004,0.9652,1.9841,0.09,14,4,0.2621
3570-5696-0003.flac,mackey_glass,-10,1.0586,0.8678,2.0732,0.0821,13,4,0.302
3570-5696-0003.flac,mackey_glass,-5,1.0767,0.9061,2.235,0.061,13,4,0.2631
3570-5696-0003.flac,mackey_glass,0,1.129,0.9379,2.3469,0.0537,13,4,0.2493
3570-5696-0003.flac,mackey_glass,5,1.2518,0.9636,2.137,0.0599,14,4,0.2516
3570-5696-0003.flac,mackey_glass,10,1.4646,0.9565,1.8483,0.1197,14,4,0.2675
3570-5696-0003.flac,duffing,-10,1.0248,0.9123,1.941,0.0931,21,4,0.3126
3570-5696-0003.flac,duffing,-5,1.0487,0.9216,2.0512,0.0716,21,4,0.2955
3570-5696-0003.flac,duffing,0,1.1626,0.9177,2.0749,0.0699,18,4,0.2852
3570-5696-0003.flac,duffing,5,1.4437,0.9198,1.9515,0.079,17,4,0.2831
3570-5696-0003.flac,duffing,10,1.9058,0.943,1.7286,0.1192,15,4,0.2823
1221-135767-0000.flac,logistic,-10,1.0287,0.9802,4.3379,0.0005,3,8,0.1522
1221-135767-0000.flac,logistic,-5,1.0317,0.9785,4.826,0.0003,3,8,0.14
1221-135767-0000.flac,logistic,0,1.0429,0.9624,4.4897,0.0004,6,8,0.1455
1221-135767-0000.flac,logistic,5,1.0963,0.9335,3.1088,0.0005,6,8,0.1726
1221-135767-0000.flac,logistic,10,1.3065,0.9079,2.8743,0.0011,6,8,0.1904
1221-135767-0000.flac,skew_tent,-10,1.0334,0.9807,4.5456,0.0004,4,8,0.1508
1221-135767-0000.flac,skew_tent,-5,1.0372,0.9712,4.6777,0.0003,5,8,0.1426
1221-135767-0000.flac,skew_tent,0,1.0497,0.965,4.6754,0.0003,4,8,0.1417
1221-135767-0000.flac,skew_tent,5,1.1083,0.9537,4.444,0.0003,9,8,0.1504
1221-135767-0000.flac,skew_tent,10,1.306,0.9161,2.8925,0.0011,4,8,0.1856
1221-135767-0000.flac,henon,-10,1.0474,0.9723,3.2206,0.0009,7,8,0.1642
1221-135767-0000.flac,henon,-5,1.0473,0.9762,4.4411,0.0004,8,8,0.1419
1221-135767-0000.flac,henon,0,1.0582,0.9661,4.2975,0.0004,3,8,0.1454
1221-135767-0000.flac,henon,5,1.1154,0.9507,3.4392,0.0005,3,8,0.1628
1221-135767-0000.flac,henon,10,1.3209,0.9038,3.476,0.001,6,8,0.1816
1221-135767-0000.flac,bernoulli,-10,1.1928,0.884,2.9274,0.1947,6,8,0.2575
1221-135767-0000.flac,bernoulli,-5,1.439,0.884,3.0175,0.0366,6,8,0.2166
1221-135767-0000.flac,bernoulli,0,1.8024,0.884,3.0847,0.0098,6,8,0.2089
1221-135767-0000.flac,bernoulli,5,2.0308,0.884,2.9613,0.0037,6,8,0.2092
1221-135767-0000.flac,bernoulli,10,2.093,0.884,2.877,0.0024,6,8,0.2103
1221-135767-0000.flac,ikeda,-10,1.0384,0.973,4.0792,0.0006,4,8,0.1437
1221-135767-0000.flac,ikeda,-5,1.0445,0.971,4.441,0.0005,3,8,0.1378
1221-135767-0000.flac,ikeda,0,1.0572,0.969,3.0566,0.0006,2,8,0.1563
1221-135767-0000.flac,ikeda,5,1.1197,0.9363,3.5931,0.0006,4,8,0.1648
1221-135767-0000.flac,ikeda,10,1.3286,0.9156,2.8632,0.0012,4,8,0.1891
1221-135767-0000.flac,lorenz,-10,1.0295,0.9337,1.8603,0.1215,7,4,0.256
1221-135767-0000.flac,lorenz,-5,1.0491,0.8961,3.0101,0.014,7,8,0.2241
1221-135767-0000.flac,lorenz,0,1.0941,0.8883,2.9816,0.0043,6,8,0.214
1221-135767-0000.flac,lorenz,5,1.2925,0.8841,2.8993,0.0023,6,8,0.2125
1221-135767-0000.flac,lorenz,10,1.7589,0.8848,2.8601,0.0018,6,8,0.2108
1221-135767-0000.flac,rossler,-10,1.0416,0.9586,1.9523,0.0872,14,4,0.2479
1221-135767-0000.flac,rossler,-5,1.0951,0.9055,3.048,0.0191,4,8,0.2182
1221-135767-0000.flac,rossler,0,1.2276,0.9036,3.0768,0.006,4,8,0.2072
1221-135767-0000.flac,rossler,5,1.4057,0.8897,3.0739,0.0022,6,8,0.2071
1221-135767-0000.flac,rossler,10,1.579,0.8851,3.0168,0.0015,6,8,0.2079
1221-135767-0000.flac,chen,-10,1.0431,0.9374,2.9436,0.0153,11,5,0.2137
1221-135767-0000.flac,chen,-5,1.0508,0.9494,3.0008,0.0015,11,8,0.2004
1221-135767-0000.flac,chen,0,1.0844,0.8953,2.9669,0.0019,6,8,0.209
1221-135767-0000.flac,chen,5,1.2039,0.9532,3.449,0.0006,10,8,0.1847
1221-135767-0000.flac,chen,10,1.5115,0.8916,2.9957,0.0013,6,8,0.2058
1221-135767-0000.flac,mackey_glass,-10,1.0582,0.9147,2.458,0.0485,12,4,0.2284
1221-135767-0000.flac,mackey_glass,-5,1.0793,0.9072,3.0978,0.0021,10,8,0.2085
1221-135767-0000.flac,mackey_glass,0,1.1485,0.9438,3.2417,0.0008,10,8,0.1916
1221-135767-0000.flac,mackey_glass,5,1.3054,0.8933,2.9149,0.0013,6,8,0.2076
1221-135767-0000.flac,mackey_glass,10,1.5905,0.9348,2.9382,0.0007,10,8,0.1959
1221-135767-0000.flac,duffing,-10,1.0451,0.9534,1.8982,0.1342,4,4,0.2455
1221-135767-0000.flac,duffing,-5,1.0987,0.8878,3.0854,0.0075,6,8,0.2195
1221-135767-0000.flac,duffing,0,1.1808,0.8889,2.9987,0.0027,6,8,0.2114
1221-135767-0000.flac,duffing,5,1.3054,0.8871,3.0355,0.0018,6,8,0.2077
1221-135767-0000.flac,duffing,10,1.7253,0.8882,2.8587,0.0019,6,8,0.2097
8224-274381-0002.flac,logistic,-10,1.0291,0.9802,3.4751,0.0011,7,8,0.1827
8224-274381-0002.flac,logistic,-5,1.0281,0.9795,3.247,0.0014,5,8,0.176
8224-274381-0002.flac,logistic,0,1.028,0.9755,3.4492,0.0028,8,8,0.1659
8224-274381-0002.flac,logistic,5,1.0331,0.9727,3.4581,0.013,2,8,0.1633
8224-274381-0002.flac,logistic,10,1.0585,0.9649,3.2238,0.0674,2,8,0.1723
8224-274381-0002.flac,skew_tent,-10,1.0295,0.9819,3.8605,0.0009,6,8,0.1867
8224-274381-0002.flac,skew_tent,-5,1.0281,0.9801,3.895,0.0012,6,8,0.1746
8224-274381-0002.flac,skew_tent,0,1.0283,0.9781,3.4547,0.0027,6,8,0.1694
8224-274381-0002.flac,skew_tent,5,1.0337,0.9687,3.4847,0.0097,5,8,0.167
8224-274381-0002.flac,skew_tent,10,1.0577,0.9438,3.2658,0.042,5,8,0.1799
8224-274381-0002.flac,henon,-10,1.0329,0.9774,3.3385,0.0015,10,8,0.1895
8224-274381-0002.flac,henon,-5,1.0305,0.9584,3.3697,0.0016,5,8,0.1809
8224-274381-0002.flac,henon,0,1.03,0.9704,3.4461,0.0031,5,8,0.1672
8224-274381-0002.flac,henon,5,1.0371,0.9545,3.4313,0.0111,3,8,0.1678
8224-274381-0002.flac,henon,10,1.0636,0.9565,3.2792,0.044,5,8,0.1747
8224-274381-0002.flac,bernoulli,-10,4.4405,0.8656,0.0166,0.9299,6,8,0.6739
8224-274381-0002.flac,bernoulli,-5,4.524,0.8656,1.4011,0.4898,6,8,0.4221
8224-274381-0002.flac,bernoulli,0,4.5585,0.8656,1.6091,0.228,6,8,0.3483
8224-274381-0002.flac,bernoulli,5,4.582,0.8656,1.7968,0.1179,6,8,0.3143
8224-274381-0002.flac,bernoulli,10,4.5966,0.8656,1.8782,0.1188,6,8,0.312
8224-274381-0002.flac,ikeda,-10,1.0316,0.9784,4.051,0.0009,7,8,0.153
8224-274381-0002.flac,ikeda,-5,1.0294,0.9788,3.3636,0.0014,7,8,0.1537
8224-274381-0002.flac,ikeda,0,1.0289,0.9734,3.4575,0.003,4,8,0.1496
8224-274381-0002.flac,ikeda,5,1.035,0.9505,3.4238,0.0133,2,8,0.1571
8224-274381-0002.flac,ikeda,10,1.0597,0.9583,3.2224,0.0602,2,8,0.167
8224-274381-0002.flac,lorenz,-10,1.0591,0.8642,0.917,0.3491,2,3,0.4346
8224-274381-0002.flac,lorenz,-5,1.1202,0.8948,0.9607,0.324,2,3,0.4127
8224-274381-0002.flac,lorenz,0,1.2398,0.922,1.0739,0.3105,2,3,0.3188
8224-274381-0002.flac,lorenz,5,1.485,0.8919,1.2345,0.2601,2,4,0.3706
8224-274381-0002.flac,lorenz,10,1.957,0.9046,1.2311,0.2486,2,4,0.3054
8224-274381-0002.flac,rossler,-10,1.0539,0.8785,0.9216,0.367,2,3,0.4357
8224-274381-0002.flac,rossler,-5,1.1057,0.9079,1.0083,0.3377,2,3,0.3334
8224-274381-0002.flac,rossler,0,1.2085,0.9323,1.0445,0.3329,2,3,0.3159
8224-274381-0002.flac,rossler,5,1.3729,0.9001,1.2379,0.2674,2,4,0.3068
8224-274381-0002.flac,rossler,10,1.7256,0.9067,1.2384,0.2856,2,4,0.3024
8224-274381-0002.flac,chen,-10,1.0967,0.9028,2.1944,0.0639,12,4,0.2611
8224-274381-0002.flac,chen,-5,1.1198,0.9015,2.6618,0.0338,13,5,0.2485
8224-274381-0002.flac,chen,0,1.1895,0.8082,1.4564,0.1887,2,4,0.3519
8224-274381-0002.flac,chen,5,1.3049,0.8518,1.3944,0.2389,2,4,0.3557
8224-274381-0002.flac,chen,10,1.565,0.8815,1.3228,0.2467,2,4,0.3548
8224-274381-0002.flac,mackey_glass,-10,1.1285,0.8202,2.1117,0.0985,12,4,0.3064
8224-274381-0002.flac,mackey_glass,-5,1.3397,0.8643,2.1828,0.0813,12,4,0.2848
8224-274381-0002.flac,mackey_glass,0,1.2246,0.8014,1.5112,0.1896,2,4,0.3454
8224-274381-0002.flac,mackey_glass,5,1.3696,0.8399,1.426,0.2214,2,4,0.3495
8224-274381-0002.flac,mackey_glass,10,1.6254,0.8895,2.688,0.044,9,8,0.2616
8224-274381-0002.flac,duffing,-10,1.0497,0.8695,0.9412,0.3429,2,3,0.4391
8224-274381-0002.flac,duffing,-5,1.0956,0.9068,1.0304,0.3082,2,3,0.3398
8224-274381-0002.flac,duffing,0,1.2224,0.9327,1.0833,0.2779,2,3,0.3183
8224-274381-0002.flac,duffing,5,1.5469,0.8914,1.2561,0.2616,2,4,0.3727
8224-274381-0002.flac,duffing,10,2.0842,0.9032,1.2214,0.2716,2,4,0.3103
8230-279154-0043.flac,logistic,-10,1.0286,0.9785,3.3132,0.0012,9,8,0.2144
8230-279154-0043.flac,logistic,-5,1.0274,0.9785,3.3953,0.0021,9,8,0.2093
8230-279154-0043.flac,logistic,0,1.0284,0.9779,3.5041,0.0069,6,8,0.2009
8230-279154-0043.flac,logistic,5,1.0352,0.9788,3.3869,0.0591,6,8,0.1966
8230-279154-0043.flac,logistic,10,1.0605,0.9792,0.1625,0.5051,6,8,0.355
8230-279154-0043.flac,skew_tent,-10,1.0262,0.9798,3.3403,0.0012,9,8,0.2283
8230-279154-0043.flac,skew_tent,-5,1.026,0.9803,3.4402,0.002,10,8,0.2236
8230-279154-0043.flac,skew_tent,0,1.0286,0.9812,3.547,0.0082,7,8,0.2158
8230-279154-0043.flac,skew_tent,5,1.0364,0.981,3.5895,0.0636,7,8,0.2109
8230-279154-0043.flac,skew_tent,10,1.065,0.9791,0.1628,0.4786,7,8,0.3703
8230-279154-0043.flac,henon,-10,1.0298,0.9784,3.353,0.0016,16,8,0.2295
8230-279154-0043.flac,henon,-5,1.0283,0.9789,3.573,0.0031,11,8,0.2207
8230-279154-0043.flac,henon,0,1.0301,0.978,3.503,0.0133,14,8,0.2115
8230-279154-0043.flac,henon,5,1.0391,0.9783,3.3613,0.0669,12,8,0.2054
8230-279154-0043.flac,henon,10,1.0684,0.9793,0.3062,0.4693,8,8,0.3383
8230-279154-0043.flac,bernoulli,-10,4.5007,0.9298,0,1,26,3,0.5171
8230-279154-0043.flac,bernoulli,-5,4.5158,0.9298,0,1,26,3,0.5171
8230-279154-0043.flac,bernoulli,0,4.5492,0.9298,0,1,26,3,0.5171
8230-279154-0043.flac,bernoulli,5,4.5744,0.9298,0,0.9991,26,3,0.5171
8230-279154-0043.flac,bernoulli,10,4.5919,0.9298,0,0.9978,26,3,0.5171
8230-279154-0043.flac,ikeda,-10,1.0316,0.9817,4.0666,0.0012,11,8,0.1768
8230-279154-0043.flac,ikeda,-5,1.0291,0.9811,3.4512,0.0024,11,8,0.1791
8230-279154-0043.flac,ikeda,0,1.0294,0.9753,3.5477,0.0098,7,8,0.1723
8230-279154-0043.flac,ikeda,5,1.0365,0.9819,3.4261,0.0748,9,8,0.1656
8230-279154-0043.flac,ikeda,10,1.0633,0.9803,0.2953,0.473,9,8,0.3003
8230-279154-0043.flac,lorenz,-10,1.084,0.9161,1.0652,0.273,16,3,0.368
8230-279154-0043.flac,lorenz,-5,1.168,0.9181,1.0431,0.3094,16,3,0.369
8230-279154-0043.flac,lorenz,0,1.2878,0.9331,1.0206,0.3647,17,3,0.3657
8230-279154-0043.flac,lorenz,5,1.6225,0.9549,1.1845,0.4795,19,3,0.3488
8230-279154-0043.flac,lorenz,10,2.0273,0.9245,0.0328,0.7135,22,4,0.4913
8230-279154-0043.flac,rossler,-10,1.0744,0.9036,1.1729,0.1804,33,3,0.3729
8230-279154-0043.flac,rossler,-5,1.1396,0.9157,1.1574,0.2028,35,3,0.3697
8230-279154-0043.flac,rossler,0,1.3055,0.9403,1.1054,0.2669,39,3,0.3635
8230-279154-0043.flac,rossler,5,1.5336,0.8643,0.3206,0.5091,27,3,0.5729
8230-279154-0043.flac,rossler,10,1.8877,0.9519,0.0047,0.8461,40,3,0.489
8230-279154-0043.flac,chen,-10,1.1112,0.8996,1.5853,0.1216,10,3,0.3277
8230-279154-0043.flac,chen,-5,1.1483,0.9221,1.555,0.1346,11,3,0.2954
8230-279154-0043.flac,chen,0,1.2305,0.8969,1.751,0.134,12,4,0.3253
8230-279154-0043.flac,chen,5,1.391,0.934,1.7816,0.254,14,4,0.2853
8230-279154-0043.flac,chen,10,1.6633,0.9569,0.0203,0.6343,16,4,0.4383
8230-279154-0043.flac,mackey_glass,-10,1.1422,0.9528,1.4444,0.1509,12,3,0.2955
8230-279154-0043.flac,mackey_glass,-5,1.1705,0.9531,1.4034,0.1684,12,3,0.2971
8230-279154-0043.flac,mackey_glass,0,1.2796,0.9537,1.241,0.2349,12,3,0.3043
8230-279154-0043.flac,mackey_glass,5,1.4595,0.9711,1.6442,0.3839,13,3,0.2814
8230-279154-0043.flac,mackey_glass,10,1.7288,0.8603,0.0172,0.6684,13,4,0.6213
8230-279154-0043.flac,duffing,-10,1.0739,0.908,1.2428,0.2068,19,3,0.3647
8230-279154-0043.flac,duffing,-5,1.1527,0.9294,1.2397,0.2237,21,3,0.3583
8230-279154-0043.flac,duffing,0,1.3348,0.9437,1.1628,0.2923,23,3,0.358
8230-279154-0043.flac,duffing,5,1.6683,0.96,1.4626,0.4367,29,3,0.3386
8230-279154-0043.flac,duffing,10,2.1273,0.9481,0.0096,0.7909,26,3,0.4912
7021-79759-0004.flac,logistic,-10,1.0289,0.9789,3.2996,0.001,6,8,0.1972
7021-79759-0004.flac,logistic,-5,1.0336,0.9784,3.3608,0.0015,6,8,0.1843
7021-79759-0004.flac,logistic,0,1.0294,0.9763,3.6051,0.0034,7,8,0.1709
7021-79759-0004.flac,logistic,5,1.0344,0.9705,3.4667,0.0184,12,8,0.1686
7021-79759-0004.flac,logistic,10,1.0522,0.9937,1.6297,0.2464,12,4,0.2032
7021-79759-0004.flac,skew_tent,-10,1.0294,0.9786,3.6856,0.001,7,8,0.2053
7021-79759-0004.flac,skew_tent,-5,1.0291,0.9793,3.56,0.0015,7,8,0.1905
7021-79759-0004.flac,skew_tent,0,1.0307,0.9764,3.4749,0.0044,13,8,0.1777
7021-79759-0004.flac,skew_tent,5,1.0373,0.9704,3.4614,0.0233,12,8,0.1725
7021-79759-0004.flac,skew_tent,10,1.058,0.9928,1.2952,0.267,12,4,0.2213
7021-79759-0004.flac,henon,-10,1.0337,0.9778,3.3386,0.0017,10,8,0.2087
7021-79759-0004.flac,henon,-5,1.0314,0.9793,3.385,0.0021,12,8,0.1899
7021-79759-0004.flac,henon,0,1.032,0.9621,3.4482,0.0052,5,8,0.1786
7021-79759-0004.flac,henon,5,1.0384,0.948,3.3712,0.0291,3,8,0.177
7021-79759-0004.flac,henon,10,1.0583,0.9932,1.0921,0.2871,3,4,0.2303
7021-79759-0004.flac,bernoulli,-10,4.5018,0.9605,0.0096,0.8799,12,4,0.4297
7021-79759-0004.flac,bernoulli,-5,4.5093,0.9605,0.3512,0.7266,12,4,0.3656
7021-79759-0004.flac,bernoulli,0,4.5399,0.9605,0.417,0.6024,12,4,0.3558
7021-79759-0004.flac,bernoulli,5,4.5628,0.9605,0.6219,0.4975,12,4,0.3325
7021-79759-0004.flac,bernoulli,10,4.5752,0.9605,1.0653,0.4152,12,4,0.2986
7021-79759-0004.flac,ikeda,-10,1.0315,0.9772,3.8658,0.0011,7,8,0.165
7021-79759-0004.flac,ikeda,-5,1.0303,0.9814,3.5598,0.0016,9,8,0.1586
7021-79759-0004.flac,ikeda,0,1.031,0.9733,3.4643,0.0061,4,8,0.1566
7021-79759-0004.flac,ikeda,5,1.0366,0.9694,3.4529,0.0278,12,8,0.1591
7021-79759-0004.flac,ikeda,10,1.0571,0.9904,2.1041,0.2727,12,4,0.1852
7021-79759-0004.flac,lorenz,-10,1.0547,0.9493,1.2118,0.2037,17,3,0.3193
7021-79759-0004.flac,lorenz,-5,1.0898,0.9347,1.5823,0.1477,18,4,0.2934
7021-79759-0004.flac,lorenz,0,1.1549,0.9706,1.7135,0.1423,19,4,0.2691
7021-79759-0004.flac,lorenz,5,1.2983,0.9817,1.7777,0.1784,20,4,0.2595
7021-79759-0004.flac,lorenz,10,1.5643,0.9707,1.2364,0.2555,14,4,0.285
7021-79759-0004.flac,rossler,-10,1.0449,0.9531,1.315,0.1521,39,3,0.3141
7021-79759-0004.flac,rossler,-5,1.067,0.8829,1.6375,0.1414,25,4,0.3336
7021-79759-0004.flac,rossler,0,1.1125,0.9412,1.8249,0.1252,27,4,0.2696
7021-79759-0004.flac,rossler,5,1.198,0.9119,1.6066,0.2348,12,4,0.2859
7021-79759-0004.flac,rossler,10,1.4035,0.9407,1.0867,0.3176,12,4,0.3016
7021-79759-0004.flac,chen,-10,1.0655,0.8542,2.0121,0.0715,10,4,0.2993
7021-79759-0004.flac,chen,-5,1.0729,0.8617,2.0726,0.0775,10,4,0.2907
7021-79759-0004.flac,chen,0,1.1031,0.9271,2.1236,0.0872,12,4,0.25
7021-79759-0004.flac,chen,5,1.1692,0.9637,1.9431,0.1383,14,4,0.2448
7021-79759-0004.flac,chen,10,1.3013,0.9732,2.0724,0.2727,14,4,0.2445
7021-79759-0004.flac,mackey_glass,-10,1.0879,0.958,1.6018,0.1302,12,3,0.269
7021-79759-0004.flac,mackey_glass,-5,1.0984,0.9612,1.7257,0.1301,12,3,0.2551
7021-79759-0004.flac,mackey_glass,0,1.1316,0.8762,2.0015,0.1004,12,4,0.2868
7021-79759-0004.flac,mackey_glass,5,1.2188,0.9473,2.0083,0.1515,14,4,0.2469
7021-79759-0004.flac,mackey_glass,10,1.3679,0.9419,2.0914,0.2691,12,4,0.2537
7021-79759-0004.flac,duffing,-10,1.0402,0.8989,1.7561,0.1141,21,4,0.3448
7021-79759-0004.flac,duffing,-5,1.0657,0.9287,1.8876,0.1078,22,4,0.2905
7021-79759-0004.flac,duffing,0,1.1236,0.9534,1.9222,0.1015,22,4,0.2724
7021-79759-0004.flac,duffing,5,1.2937,0.9166,1.6119,0.1932,12,4,0.2871
7021-79759-0004.flac,duffing,10,1.6209,0.8682,1.1754,0.3838,3,4,0.4076
1995-1836-0010.flac,logistic,-10,1.0182,0.9769,3.6944,0.0005,5,8,0.1785
1995-1836-0010.flac,logistic,-5,1.0182,0.9583,4.3056,0.0004,9,8,0.1695
1995-1836-0010.flac,logistic,0,1.0203,0.9135,3.9848,0.0007,8,8,0.181
1995-1836-0010.flac,logistic,5,1.0274,0.9291,2.7327,0.0196,18,4,0.1985
1995-1836-0010.flac,logistic,10,1.0478,0.9573,2.1168,0.0407,16,3,0.2169
1995-1836-0010.flac,skew_tent,-10,1.0179,0.9739,4.3885,0.0007,6,8,0.1838
1995-1836-0010.flac,skew_tent,-5,1.0184,0.9632,4.3165,0.0005,9,8,0.1747
1995-1836-0010.flac,skew_tent,0,1.0221,0.8968,3.8018,0.0006,12,8,0.1915
1995-1836-0010.flac,skew_tent,5,1.03,0.9348,2.7288,0.0206,16,4,0.2002
1995-1836-0010.flac,skew_tent,10,1.0546,0.9089,2.4708,0.0287,16,4,0.2233
1995-1836-0010.flac,henon,-10,1.0225,0.9541,3.582,0.0009,5,8,0.1905
1995-1836-0010.flac,henon,-5,1.021,0.9617,4.0817,0.0006,5,8,0.1722
1995-1836-0010.flac,henon,0,1.0239,0.9322,3.7708,0.001,3,8,0.1783
1995-1836-0010.flac,henon,5,1.0322,0.9302,2.724,0.0203,17,4,0.1989
1995-1836-0010.flac,henon,10,1.055,0.8903,2.4523,0.03,19,4,0.2344
1995-1836-0010.flac,bernoulli,-10,4.6076,0.9492,0.2221,0.504,16,3,0.4078
1995-1836-0010.flac,bernoulli,-5,4.6435,0.9492,1.3896,0.2065,16,3,0.3041
1995-1836-0010.flac,bernoulli,0,4.6438,0.9492,1.6539,0.1052,16,3,0.2924
1995-1836-0010.flac,bernoulli,5,4.6439,0.9492,1.7673,0.0649,16,3,0.288
1995-1836-0010.flac,bernoulli,10,4.6439,0.9492,1.8052,0.0614,16,3,0.2867
1995-1836-0010.flac,ikeda,-10,1.0229,0.9726,3.9778,0.0007,4,8,0.15
1995-1836-0010.flac,ikeda,-5,1.0216,0.9667,4.4751,0.0006,4,8,0.1439
1995-1836-0010.flac,ikeda,0,1.0233,0.9404,3.4648,0.0009,4,8,0.165
1995-1836-0010.flac,ikeda,5,1.0304,0.9323,2.7328,0.0194,16,4,0.1893
1995-1836-0010.flac,ikeda,10,1.055,0.9097,2.4595,0.0275,17,4,0.2178
1995-1836-0010.flac,lorenz,-10,1.0247,0.9099,1.7975,0.0986,20,4,0.3156
1995-1836-0010.flac,lorenz,-5,1.0409,0.9226,1.9806,0.056,20,4,0.2981
1995-1836-0010.flac,lorenz,0,1.0909,0.9161,2.0864,0.034,17,4,0.2914
1995-1836-0010.flac,lorenz,5,1.244,0.9547,1.9536,0.0474,16,3,0.2832
1995-1836-0010.flac,lorenz,10,1.5896,0.9636,1.9398,0.0474,18,3,0.2807
1995-1836-0010.flac,rossler,-10,1.0205,0.9478,1.7116,0.0952,24,3,0.3123
1995-1836-0010.flac,rossler,-5,1.0306,0.9432,1.8167,0.0743,20,3,0.2995
1995-1836-0010.flac,rossler,0,1.0615,0.9194,2.184,0.0288,22,4,0.2895
1995-1836-0010.flac,rossler,5,1.1709,0.8915,2.1687,0.0314,19,4,0.3002
1995-1836-0010.flac,rossler,10,1.4862,0.9658,1.936,0.0488,18,3,0.2793
1995-1836-0010.flac,chen,-10,1.0371,0.9406,2.3889,0.0452,12,4,0.2609
1995-1836-0010.flac,chen,-5,1.0396,0.9604,2.4541,0.033,13,4,0.2552
1995-1836-0010.flac,chen,0,1.053,0.9606,2.4882,0.0262,16,4,0.2583
1995-1836-0010.flac,chen,5,1.1221,0.9355,2.396,0.0246,16,4,0.2709
1995-1836-0010.flac,chen,10,1.3113,0.9628,1.9675,0.0475,18,3,0.2767
1995-1836-0010.flac,mackey_glass,-10,1.0367,0.8981,2.2874,0.0522,12,4,0.2837
1995-1836-0010.flac,mackey_glass,-5,1.0432,0.9483,2.4328,0.0311,13,4,0.2532
1995-1836-0010.flac,mackey_glass,0,1.0714,0.9785,2.519,0.0232,16,4,0.2472
1995-1836-0010.flac,mackey_glass,5,1.1687,0.9335,2.4215,0.0232,14,4,0.2676
1995-1836-0010.flac,mackey_glass,10,1.3791,0.9552,2.0255,0.0466,16,3,0.2758
1995-1836-0010.flac,duffing,-10,1.0195,0.9291,2.0859,0.0743,20,4,0.3042
1995-1836-0010.flac,duffing,-5,1.0318,0.9305,2.3061,0.0344,21,4,0.2883
1995-1836-0010.flac,duffing,0,1.0941,0.9006,2.3834,0.0253,19,4,0.2868
1995-1836-0010.flac,duffing,5,1.3116,0.8836,2.3819,0.023,19,4,0.2933
1995-1836-0010.flac,duffing,10,1.7452,0.9633,2.0311,0.0446,18,3,0.2756
3729-6852-0008.flac,logistic,-10,1.031,0.9707,3.3044,0.0006,8,8,0.1921
3729-6852-0008.flac,logistic,-5,1.037,0.9847,2.7186,0.0187,7,4,0.1946
3729-6852-0008.flac,logistic,0,1.0523,0.9754,2.6043,0.0245,7,4,0.1992
3729-6852-0008.flac,logistic,5,1.0885,0.9627,2.3594,0.045,7,4,0.2174
3729-6852-0008.flac,logistic,10,1.2131,0.9456,2.185,0.0857,7,4,0.2484
3729-6852-0008.flac,skew_tent,-10,1.0327,0.9677,4.2367,0.0005,7,8,0.1872
3729-6852-0008.flac,skew_tent,-5,1.042,0.9849,2.7733,0.0186,6,4,0.1967
3729-6852-0008.flac,skew_tent,0,1.0624,0.9717,2.6139,0.0254,7,4,0.2028
3729-6852-0008.flac,skew_tent,5,1.1087,0.9626,2.3647,0.0432,7,4,0.2188
3729-6852-0008.flac,skew_tent,10,1.2415,0.9504,2.1053,0.063,7,4,0.2465
3729-6852-0008.flac,henon,-10,1.0499,0.9586,3.0307,0.0009,7,8,0.2028
3729-6852-0008.flac,henon,-5,1.0585,0.975,2.673,0.023,7,4,0.2009
3729-6852-0008.flac,henon,0,1.0722,0.9633,2.5343,0.0262,7,4,0.2058
3729-6852-0008.flac,henon,5,1.113,0.9493,2.3123,0.0499,7,4,0.2233
3729-6852-0008.flac,henon,10,1.2379,0.9354,2.0711,0.0705,7,4,0.2518
3729-6852-0008.flac,bernoulli,-10,4.5204,0.9185,0.564,0.469,7,4,0.3845
3729-6852-0008.flac,bernoulli,-5,4.5542,0.9185,0.6463,0.3531,7,4,0.3742
3729-6852-0008.flac,bernoulli,0,4.5794,0.9185,1.0948,0.2154,7,4,0.3389
3729-6852-0008.flac,bernoulli,5,4.5941,0.9185,2.0704,0.1554,7,4,0.2997
3729-6852-0008.flac,bernoulli,10,4.6142,0.9185,2.0038,0.1254,7,4,0.3009
3729-6852-0008.flac,ikeda,-10,1.041,0.9686,4.067,0.0005,7,8,0.1575
3729-6852-0008.flac,ikeda,-5,1.0477,0.9797,3.1058,0.0094,7,5,0.1702
3729-6852-0008.flac,ikeda,0,1.0636,0.9829,2.6883,0.0268,8,4,0.1865
3729-6852-0008.flac,ikeda,5,1.1048,0.9647,2.3575,0.0454,7,4,0.2135
3729-6852-0008.flac,ikeda,10,1.2296,0.9498,2.106,0.073,7,4,0.2477
3729-6852-0008.flac,lorenz,-10,1.0376,0.9452,1.8981,0.0641,11,4,0.2851
3729-6852-0008.flac,lorenz,-5,1.0789,0.9545,1.9803,0.0548,10,4,0.2809
3729-6852-0008.flac,lorenz,0,1.2198,0.9192,1.8747,0.0651,8,4,0.2965
3729-6852-0008.flac,lorenz,5,1.4542,0.9125,1.9131,0.0804,7,4,0.3017
3729-6852-0008.flac,lorenz,10,1.8332,0.9152,2.012,0.1004,7,4,0.3011
3729-6852-0008.flac,rossler,-10,1.0299,0.8669,2.0539,0.0437,20,4,0.3103
3729-6852-0008.flac,rossler,-5,1.0466,0.9402,2.0678,0.0443,11,4,0.2814
3729-6852-0008.flac,rossler,0,1.1518,0.9074,2.0168,0.0603,7,4,0.2933
3729-6852-0008.flac,rossler,5,1.434,0.9395,2.0332,0.0657,6,4,0.2873
3729-6852-0008.flac,rossler,10,1.9055,0.9186,1.984,0.0829,7,4,0.2968
3729-6852-0008.flac,chen,-10,1.0566,0.9209,2.2751,0.0397,9,4,0.2621
3729-6852-0008.flac,chen,-5,1.0743,0.9295,2.2827,0.0397,9,4,0.2644
3729-6852-0008.flac,chen,0,1.1319,0.9065,2.2239,0.039,8,4,0.2804
3729-6852-0008.flac,chen,5,1.3041,0.8972,2.2132,0.0627,7,4,0.3049
3729-6852-0008.flac,chen,10,1.6215,0.9092,2.0071,0.0802,7,4,0.2981
3729-6852-0008.flac,mackey_glass,-10,1.0996,0.8872,2.0741,0.0516,9,4,0.2881
3729-6852-0008.flac,mackey_glass,-5,1.1384,0.9023,2.1755,0.0433,9,4,0.2753
3729-6852-0008.flac,mackey_glass,0,1.2462,0.8975,2.1933,0.051,8,4,0.2966
3729-6852-0008.flac,mackey_glass,5,1.4721,0.9164,2.0968,0.0556,8,4,0.2898
3729-6852-0008.flac,mackey_glass,10,1.8057,0.9072,1.8039,0.0764,7,4,0.3054
3729-6852-0008.flac,duffing,-10,1.035,0.9487,1.8332,0.0913,12,4,0.2901
3729-6852-0008.flac,duffing,-5,1.0679,0.97,1.958,0.0689,12,4,0.2784
3729-6852-0008.flac,duffing,0,1.2221,0.9368,1.9226,0.0833,6,4,0.2895
3729-6852-0008.flac,duffing,5,1.5259,0.9102,1.9435,0.0771,7,4,0.2987
3729-6852-0008.flac,duffing,10,2.0245,0.912,1.8816,0.092,7,4,0.3038
3729-6852-0006.flac,logistic,-10,1.0274,0.9799,3.2942,0.0012,5,8,0.1838
3729-6852-0006.flac,logistic,-5,1.0298,0.9814,4.2084,0.0011,8,8,0.1573
3729-6852-0006.flac,logistic,0,1.0403,0.9787,3.4249,0.0026,3,8,0.1563
3729-6852-0006.flac,logistic,5,1.0715,0.974,3.4698,0.0082,3,8,0.1537
3729-6852-0006.flac,logistic,10,1.1854,0.9683,3.3817,0.0277,3,8,0.1596
3729-6852-0006.flac,skew_tent,-10,1.0302,0.9777,3.2598,0.0011,7,8,0.1947
3729-6852-0006.flac,skew_tent,-5,1.0357,0.978,3.5367,0.0015,5,8,0.1726
3729-6852-0006.flac,skew_tent,0,1.048,0.977,3.438,0.0027,5,8,0.1626
3729-6852-0006.flac,skew_tent,5,1.0794,0.9689,3.4702,0.0105,3,8,0.1597
3729-6852-0006.flac,skew_tent,10,1.1894,0.9638,3.3765,0.0252,3,8,0.1637
3729-6852-0006.flac,henon,-10,1.0409,0.9794,3.2846,0.0011,11,8,0.1906
3729-6852-0006.flac,henon,-5,1.0438,0.9662,3.5257,0.0021,7,8,0.1704
3729-6852-0006.flac,henon,0,1.0559,0.9733,3.4229,0.0031,9,8,0.1585
3729-6852-0006.flac,henon,5,1.0885,0.962,3.4479,0.0104,3,8,0.1585
3729-6852-0006.flac,henon,10,1.2043,0.9632,3.3581,0.0278,3,8,0.1628
3729-6852-0006.flac,bernoulli,-10,4.5136,0.9574,0.1414,0.8131,3,8,0.3509
3729-6852-0006.flac,bernoulli,-5,4.5523,0.9574,1.2302,0.503,3,8,0.2407
3729-6852-0006.flac,bernoulli,0,4.5784,0.9574,2.2755,0.2064,3,8,0.2018
3729-6852-0006.flac,bernoulli,5,4.5946,0.9574,2.4037,0.1217,3,8,0.198
3729-6852-0006.flac,bernoulli,10,4.6216,0.9574,2.4954,0.0849,3,8,0.1957
3729-6852-0006.flac,ikeda,-10,1.0352,0.9822,4.0279,0.0007,8,8,0.1548
3729-6852-0006.flac,ikeda,-5,1.0392,0.9817,3.3217,0.0013,7,8,0.1537
3729-6852-0006.flac,ikeda,0,1.0509,0.9775,3.4249,0.0027,5,8,0.1491
3729-6852-0006.flac,ikeda,5,1.0865,0.972,3.4452,0.012,3,8,0.1514
3729-6852-0006.flac,ikeda,10,1.1992,0.9648,3.3136,0.0332,3,8,0.1612
3729-6852-0006.flac,lorenz,-10,1.0386,0.9404,1.088,0.272,3,4,0.2984
3729-6852-0006.flac,lorenz,-5,1.0679,0.9758,1.7086,0.1881,3,4,0.2344
3729-6852-0006.flac,lorenz,0,1.1915,0.9883,1.9621,0.1451,3,4,0.2059
3729-6852-0006.flac,lorenz,5,1.4296,0.9924,2.0361,0.1177,3,4,0.1946
3729-6852-0006.flac,lorenz,10,1.7331,0.9826,2.3467,0.0998,3,5,0.1873
3729-6852-0006.flac,rossler,-10,1.0306,0.9572,1.3161,0.2489,3,4,0.2829
3729-6852-0006.flac,rossler,-5,1.0495,0.9804,1.7393,0.1903,3,4,0.2331
3729-6852-0006.flac,rossler,0,1.1333,0.9893,1.9996,0.1359,3,4,0.2055
3729-6852-0006.flac,rossler,5,1.397,0.9909,2.0811,0.1218,3,4,0.1945
3729-6852-0006.flac,rossler,10,1.871,0.9558,3.029,0.0378,3,8,0.181
3729-6852-0006.flac,chen,-10,1.0494,0.8893,2.234,0.0619,11,4,0.259
3729-6852-0006.flac,chen,-5,1.0691,0.9006,2.0176,0.1103,3,4,0.2359
3729-6852-0006.flac,chen,0,1.1234,0.966,2.2675,0.101,3,4,0.2014
3729-6852-0006.flac,chen,5,1.2307,0.9413,3.1464,0.0285,3,8,0.1847
3729-6852-0006.flac,chen,10,1.5088,0.9531,3.0723,0.0406,3,8,0.1805
3729-6852-0006.flac,mackey_glass,-10,1.0718,0.9473,1.6205,0.1331,11,3,0.2481
3729-6852-0006.flac,mackey_glass,-5,1.1043,0.8925,1.9827,0.1173,3,4,0.2642
3729-6852-0006.flac,mackey_glass,0,1.2008,0.955,2.1646,0.0977,3,4,0.2047
3729-6852-0006.flac,mackey_glass,5,1.3942,0.9317,3.1923,0.0257,3,8,0.1843
3729-6852-0006.flac,mackey_glass,10,1.7154,0.9546,3.1394,0.0389,3,8,0.1775
3729-6852-0006.flac,duffing,-10,1.0343,0.9605,1.2744,0.2598,3,4,0.2884
3729-6852-0006.flac,duffing,-5,1.0722,0.984,1.5732,0.1862,3,4,0.2416
3729-6852-0006.flac,duffing,0,1.212,0.9914,1.7815,0.145,3,4,0.2129
3729-6852-0006.flac,duffing,5,1.5078,0.9805,2.4275,0.0861,3,5,0.188
3729-6852-0006.flac,duffing,10,1.9173,0.9824,2.5729,0.1028,3,5,0.1814
1188-133604-0023.flac,logistic,-10,1.0594,0.9775,3.3183,0.0013,6,8,0.2153
1188-133604-0023.flac,logistic,-5,1.0582,0.9803,3.7059,0.0023,7,8,0.2072
1188-133604-0023.flac,logistic,0,1.0599,0.9796,3.4995,0.0074,5,8,0.2022
1188-133604-0023.flac,logistic,5,1.0738,0.9795,3.3746,0.0481,5,8,0.1955
1188-133604-0023.flac,logistic,10,1.1256,0.9784,0.13,0.5327,5,8,0.3553
1188-133604-0023.flac,skew_tent,-10,1.0534,0.9804,3.5263,0.0011,10,8,0.227
1188-133604-0023.flac,skew_tent,-5,1.0539,0.9789,3.4413,0.0021,11,8,0.226
1188-133604-0023.flac,skew_tent,0,1.0597,0.9769,3.5481,0.0084,7,8,0.2193
1188-133604-0023.flac,skew_tent,5,1.0758,0.9773,3.4211,0.0649,7,8,0.2141
1188-133604-0023.flac,skew_tent,10,1.1252,0.9775,0.1271,0.528,7,8,0.3744
1188-133604-0023.flac,henon,-10,1.0616,0.9784,3.3377,0.0018,16,8,0.2338
1188-133604-0023.flac,henon,-5,1.0585,0.9781,3.5696,0.0029,14,8,0.2257
1188-133604-0023.flac,henon,0,1.0622,0.9772,3.5096,0.0093,14,8,0.2159
1188-133604-0023.flac,henon,5,1.0788,0.9775,3.5296,0.0746,14,8,0.2037
1188-133604-0023.flac,henon,10,1.1274,0.9746,0.2719,0.4955,8,8,0.3383
1188-133604-0023.flac,bernoulli,-10,4.504,0.9432,0,1,34,3,0.4996
1188-133604-0023.flac,bernoulli,-5,4.5405,0.9432,0,1,34,3,0.4996
1188-133604-0023.flac,bernoulli,0,4.5701,0.9432,0,1,34,3,0.4996
1188-133604-0023.flac,bernoulli,5,4.5902,0.9432,0,1,34,3,0.4996
1188-133604-0023.flac,bernoulli,10,4.6161,0.9432,0,1,34,3,0.4996
1188-133604-0023.flac,ikeda,-10,1.0784,0.9784,3.2422,0.001,11,8,0.1886
1188-133604-0023.flac,ikeda,-5,1.0634,0.9804,3.408,0.0016,10,8,0.1821
1188-133604-0023.flac,ikeda,0,1.0629,0.9801,3.5358,0.0075,8,8,0.1729
1188-133604-0023.flac,ikeda,5,1.0769,0.9811,3.4089,0.0631,8,8,0.1664
1188-133604-0023.flac,ikeda,10,1.1198,0.9813,0.3058,0.4682,8,8,0.2963
1188-133604-0023.flac,lorenz,-10,1.1247,0.9274,1.0499,0.2835,17,3,0.3656
1188-133604-0023.flac,lorenz,-5,1.2255,0.941,1.0133,0.3106,18,3,0.3637
1188-133604-0023.flac,lorenz,0,1.4218,0.9529,0.872,0.3983,19,3,0.3699
1188-133604-0023.flac,lorenz,5,1.7427,0.973,0.6765,0.5032,21,3,0.3788
1188-133604-0023.flac,lorenz,10,2.2019,0.993,0.005,0.782,24,3,0.4703
1188-133604-0023.flac,rossler,-10,1.1235,0.9086,1.1804,0.172,34,3,0.37
1188-133604-0023.flac,rossler,-5,1.2495,0.9053,1.1563,0.2194,34,3,0.3731
1188-133604-0023.flac,rossler,0,1.4313,0.9054,1.0793,0.2617,35,3,0.3774
1188-133604-0023.flac,rossler,5,1.6465,0.9166,1.3449,0.4592,37,3,0.3632
1188-133604-0023.flac,rossler,10,2.0269,0.9189,0.0342,0.7584,38,3,0.5023
1188-133604-0023.flac,chen,-10,1.2076,0.9201,1.582,0.1233,11,3,0.2947
1188-133604-0023.flac,chen,-5,1.2015,0.9201,1.5224,0.1409,11,3,0.2972
1188-133604-0023.flac,chen,0,1.303,0.8698,1.6945,0.1484,11,4,0.3374
1188-133604-0023.flac,chen,5,1.4467,0.9155,1.626,0.2933,13,4,0.2966
1188-133604-0023.flac,chen,10,1.7263,0.9307,0.0076,0.7172,14,4,0.452
1188-133604-0023.flac,mackey_glass,-10,1.2207,0.9529,1.4591,0.1493,12,3,0.2941
1188-133604-0023.flac,mackey_glass,-5,1.2627,0.9527,1.411,0.1654,12,3,0.2962
1188-133604-0023.flac,mackey_glass,0,1.4188,0.9523,1.2841,0.231,12,3,0.3021
1188-133604-0023.flac,mackey_glass,5,1.5939,0.9523,1.5977,0.3866,12,3,0.2893
1188-133604-0023.flac,mackey_glass,10,1.8551,0.7916,0.0077,0.6865,12,4,0.6457
1188-133604-0023.flac,duffing,-10,1.1105,0.9596,1.4404,0.155,35,3,0.3398
1188-133604-0023.flac,duffing,-5,1.1967,0.9446,1.2793,0.1962,25,3,0.3518
1188-133604-0023.flac,duffing,0,1.4413,0.9584,1.2112,0.2541,33,3,0.3514
1188-133604-0023.flac,duffing,5,1.8484,0.9603,1.4449,0.3971,42,3,0.3409
1188-133604-0023.flac,duffing,10,2.3549,0.9671,0.0025,0.8131,42,3,0.488
121-123852-0003.flac,logistic,-10,1.0292,0.9784,3.3203,0.0014,8,8,0.2126
121-123852-0003.flac,logistic,-5,1.03,0.9797,3.7128,0.0021,6,8,0.2026
121-123852-0003.flac,logistic,0,1.0424,0.9782,3.5108,0.0073,6,8,0.1993
121-123852-0003.flac,logistic,5,1.0728,0.9766,3.4127,0.0464,6,8,0.1931
121-123852-0003.flac,logistic,10,1.1676,0.9774,5.0791,0.4337,5,8,0.1709
121-123852-0003.flac,skew_tent,-10,1.0267,0.9782,3.3279,0.001,12,8,0.2268
121-123852-0003.flac,skew_tent,-5,1.0315,0.9766,3.4345,0.0017,9,8,0.2208
121-123852-0003.flac,skew_tent,0,1.0448,0.9808,3.5498,0.0072,8,8,0.2126
121-123852-0003.flac,skew_tent,5,1.0748,0.9782,3.4376,0.0643,7,8,0.2056
121-123852-0003.flac,skew_tent,10,1.1674,0.9765,5.3083,0.4261,7,8,0.182
121-123852-0003.flac,henon,-10,1.0374,0.9752,3.346,0.0015,13,8,0.2299
121-123852-0003.flac,henon,-5,1.0409,0.9794,3.416,0.0031,16,8,0.2203
121-123852-0003.flac,henon,0,1.0545,0.9786,3.5055,0.0101,10,8,0.2102
121-123852-0003.flac,henon,5,1.087,0.9788,3.3795,0.0624,10,8,0.2001
121-123852-0003.flac,henon,10,1.1899,0.9525,4.7201,0.3941,5,8,0.1871
121-123852-0003.flac,bernoulli,-10,4.6295,0.8934,0,0.9968,6,3,0.728
121-123852-0003.flac,bernoulli,-5,4.6316,0.8934,0.0019,0.9931,6,3,0.7266
121-123852-0003.flac,bernoulli,0,4.6407,0.8934,0.0035,0.9905,6,3,0.7256
121-123852-0003.flac,bernoulli,5,4.6406,0.8934,0.0102,0.984,6,3,0.7223
121-123852-0003.flac,bernoulli,10,4.6439,0.8934,0.014,0.9705,6,3,0.718
121-123852-0003.flac,ikeda,-10,1.0343,0.9784,4.0431,0.0009,11,8,0.1777
121-123852-0003.flac,ikeda,-5,1.0366,0.981,3.5792,0.0018,10,8,0.1765
121-123852-0003.flac,ikeda,0,1.0501,0.9818,3.5374,0.0073,8,8,0.1701
121-123852-0003.flac,ikeda,5,1.0866,0.9812,3.474,0.0523,7,8,0.1641
121-123852-0003.flac,ikeda,10,1.1968,0.9781,0.6465,0.3892,7,8,0.2574
121-123852-0003.flac,lorenz,-10,1.0413,0.9147,1.0928,0.269,16,3,0.3656
121-123852-0003.flac,lorenz,-5,1.0791,0.943,1.1025,0.2641,18,3,0.3543
121-123852-0003.flac,lorenz,0,1.168,0.9514,1.1181,0.3503,19,3,0.3478
121-123852-0003.flac,lorenz,5,1.317,0.9035,1.1821,0.375,21,4,0.355
121-123852-0003.flac,lorenz,10,1.6095,0.9306,0.1139,0.5682,23,4,0.4536
121-123852-0003.flac,rossler,-10,1.0311,0.8951,1.248,0.1741,32,3,0.4083
121-123852-0003.flac,rossler,-5,1.0545,0.9364,1.264,0.1875,37,3,0.3548
121-123852-0003.flac,rossler,0,1.1317,0.9676,1.2468,0.2251,42,3,0.3424
121-123852-0003.flac,rossler,5,1.3497,0.9261,1.5411,0.4088,33,3,0.3382
121-123852-0003.flac,rossler,10,1.7576,0.9652,0.0264,0.7003,40,3,0.4634
121-123852-0003.flac,chen,-10,1.0681,0.898,1.5887,0.1277,10,3,0.3283
121-123852-0003.flac,chen,-5,1.0622,0.8722,1.9215,0.094,11,4,0.3144
121-123852-0003.flac,chen,0,1.0952,0.9038,1.8472,0.1289,12,4,0.2863
121-123852-0003.flac,chen,5,1.188,0.933,1.9519,0.279,13,4,0.2745
121-123852-0003.flac,chen,10,1.3942,0.9389,0.042,0.6325,13,4,0.4326
121-123852-0003.flac,mackey_glass,-10,1.0703,0.952,1.4773,0.1462,12,3,0.2914
121-123852-0003.flac,mackey_glass,-5,1.084,0.9533,1.4482,0.1674,12,3,0.291
121-123852-0003.flac,mackey_glass,0,1.1408,0.9542,1.3425,0.224,12,3,0.2929
121-123852-0003.flac,mackey_glass,5,1.2477,0.8207,1.1859,0.3012,12,4,0.4031
121-123852-0003.flac,mackey_glass,10,1.4624,0.9327,0.0574,0.607,15,4,0.4299
121-123852-0003.flac,duffing,-10,1.0341,0.9148,1.331,0.1993,20,3,0.3561
121-123852-0003.flac,duffing,-5,1.0702,0.9096,1.2114,0.2329,20,3,0.3618
121-123852-0003.flac,duffing,0,1.1824,0.9723,1.2953,0.2561,31,3,0.3343
121-123852-0003.flac,duffing,5,1.4395,0.9774,0.878,0.3788,33,3,0.351
121-123852-0003.flac,duffing,10,1.8296,0.9783,0.0193,0.6918,32,3,0.4579
1284-134647-0005.flac,logistic,-10,1.0211,0.9758,4.1394,0.0008,7,8,0.1852
1284-134647-0005.flac,logistic,-5,1.0215,0.9671,3.1814,0.0009,9,8,0.1941
1284-134647-0005.flac,logistic,0,1.0258,0.9699,3.029,0.0118,10,5,0.1954
1284-134647-0005.flac,logistic,5,1.042,0.9734,2.2824,0.0587,11,4,0.2122
1284-134647-0005.flac,logistic,10,1.0914,0.9802,1.7723,0.1148,12,4,0.2351
1284-134647-0005.flac,skew_tent,-10,1.0199,0.9775,4.1479,0.0007,7,8,0.1933
1284-134647-0005.flac,skew_tent,-5,1.0211,0.9637,3.8974,0.0007,11,8,0.1948
1284-134647-0005.flac,skew_tent,0,1.0251,0.9754,3.0707,0.0157,11,5,0.2017
1284-134647-0005.flac,skew_tent,5,1.0422,0.9733,2.318,0.0499,11,4,0.2196
1284-134647-0005.flac,skew_tent,10,1.1011,0.9474,1.7796,0.1282,10,4,0.2515
1284-134647-0005.flac,henon,-10,1.0245,0.9688,3.2605,0.001,7,8,0.2039
1284-134647-0005.flac,henon,-5,1.0242,0.9621,3.1878,0.0009,5,8,0.2008
1284-134647-0005.flac,henon,0,1.0264,0.9673,2.9551,0.0152,5,5,0.2036
1284-134647-0005.flac,henon,5,1.042,0.969,2.2858,0.0558,10,4,0.2199
1284-134647-0005.flac,henon,10,1.0976,0.9622,1.7302,0.1103,11,4,0.2475
1284-134647-0005.flac,bernoulli,-10,4.4844,0.9447,0.6265,0.4847,11,4,0.3951
1284-134647-0005.flac,bernoulli,-5,4.4899,0.9447,0.7724,0.3195,11,4,0.3801
1284-134647-0005.flac,bernoulli,0,4.4919,0.9447,0.8283,0.2534,11,4,0.3749
1284-134647-0005.flac,bernoulli,5,4.4941,0.9447,0.8369,0.2105,11,4,0.3737
1284-134647-0005.flac,bernoulli,10,4.602,0.9447,0.8361,0.2121,11,4,0.3737
1284-134647-0005.flac,ikeda,-10,1.0278,0.9788,4.5492,0.0007,10,8,0.1499
1284-134647-0005.flac,ikeda,-5,1.0273,0.9675,4.4658,0.0006,9,8,0.1522
1284-134647-0005.flac,ikeda,0,1.0322,0.9731,3.0986,0.0128,10,5,0.171
1284-134647-0005.flac,ikeda,5,1.0499,0.9758,2.355,0.0533,11,4,0.1958
1284-134647-0005.flac,ikeda,10,1.1006,0.9679,1.6368,0.1173,11,4,0.2381
1284-134647-0005.flac,lorenz,-10,1.0448,0.9336,1.8714,0.0761,14,4,0.2982
1284-134647-0005.flac,lorenz,-5,1.0871,0.943,1.9117,0.0593,14,4,0.2886
1284-134647-0005.flac,lorenz,0,1.1929,0.9002,1.7918,0.0619,12,4,0.3071
1284-134647-0005.flac,lorenz,5,1.4474,0.9137,1.5781,0.101,12,4,0.3206
1284-134647-0005.flac,lorenz,10,1.7508,0.9405,1.3359,0.1589,13,4,0.3321
1284-134647-0005.flac,rossler,-10,1.0372,0.9371,2.03,0.0531,23,4,0.2923
1284-134647-0005.flac,rossler,-5,1.0672,0.9188,1.997,0.0462,15,4,0.2914
1284-134647-0005.flac,rossler,0,1.1719,0.9036,1.8744,0.0636,13,4,0.3026
1284-134647-0005.flac,rossler,5,1.4421,0.8963,1.6636,0.0872,12,4,0.3392
1284-134647-0005.flac,rossler,10,1.8427,0.9115,1.3906,0.1376,12,4,0.3352
1284-134647-0005.flac,chen,-10,1.048,0.9442,2.3404,0.0383,12,4,0.2597
1284-134647-0005.flac,chen,-5,1.0625,0.9294,2.3029,0.0352,11,4,0.2637
1284-134647-0005.flac,chen,0,1.1133,0.923,2.1502,0.0403,11,4,0.2742
1284-134647-0005.flac,chen,5,1.2668,0.9112,1.8857,0.0671,11,4,0.297
1284-134647-0005.flac,chen,10,1.6808,0.9316,1.6057,0.119,12,4,0.3131
1284-134647-0005.flac,mackey_glass,-10,1.0712,0.9707,1.7523,0.1033,12,3,0.2674
1284-134647-0005.flac,mackey_glass,-5,1.0954,0.8611,2.1478,0.0639,11,4,0.2961
1284-134647-0005.flac,mackey_glass,0,1.1846,0.8644,2.1128,0.0529,11,4,0.2988
1284-134647-0005.flac,mackey_glass,5,1.4036,0.8646,1.8881,0.0754,11,4,0.3248
1284-134647-0005.flac,mackey_glass,10,1.7357,0.911,1.5894,0.1177,12,4,0.3207
1284-134647-0005.flac,duffing,-10,1.0369,0.9291,1.9081,0.0739,15,4,0.3027
1284-134647-0005.flac,duffing,-5,1.084,0.991,1.7191,0.0852,19,3,0.285
1284-134647-0005.flac,duffing,0,1.262,0.936,1.7974,0.0658,14,4,0.2995
1284-134647-0005.flac,duffing,5,1.5874,0.903,1.5545,0.0982,12,4,0.3267
1284-134647-0005.flac,duffing,10,1.9546,0.9186,1.3052,0.1548,12,4,0.3401
6930-75918-0003.flac,logistic,-10,1.0237,0.9799,3.6323,0.0012,6,8,0.2109
6930-75918-0003.flac,logistic,-5,1.0262,0.9804,3.3939,0.002,6,8,0.2107
6930-75918-0003.flac,logistic,0,1.0346,0.9798,3.4967,0.0065,6,8,0.2029
6930-75918-0003.flac,logistic,5,1.069,0.9812,3.6918,0.052,5,8,0.1915
6930-75918-0003.flac,logistic,10,1.1755,0.98,0.2784,0.5257,4,8,0.3302
6930-75918-0003.flac,skew_tent,-10,1.024,0.9758,3.3073,0.0011,10,8,0.2272
6930-75918-0003.flac,skew_tent,-5,1.0267,0.9757,3.4149,0.0019,11,8,0.2229
6930-75918-0003.flac,skew_tent,0,1.0362,0.9809,3.5339,0.0069,8,8,0.213
6930-75918-0003.flac,skew_tent,5,1.0744,0.9744,3.9008,0.0614,7,8,0.2018
6930-75918-0003.flac,skew_tent,10,1.1828,0.9753,0.1522,0.5313,7,8,0.363
6930-75918-0003.flac,henon,-10,1.0292,0.9772,3.3451,0.0016,10,8,0.2312
6930-75918-0003.flac,henon,-5,1.0317,0.979,3.4222,0.0033,15,8,0.2249
6930-75918-0003.flac,henon,0,1.0433,0.9721,3.4768,0.0098,9,8,0.2161
6930-75918-0003.flac,henon,5,1.0865,0.9759,3.338,0.0795,10,8,0.2054
6930-75918-0003.flac,henon,10,1.2078,0.9724,0.2621,0.5116,8,8,0.3399
6930-75918-0003.flac,bernoulli,-10,2.3438,0.9121,0,1,9,4,0.5132
6930-75918-0003.flac,bernoulli,-5,3.4085,0.9121,0,0.9972,9,4,0.5132
6930-75918-0003.flac,bernoulli,0,4.1461,0.9121,0.0008,0.9859,9,4,0.5127
6930-75918-0003.flac,bernoulli,5,4.4535,0.9121,0.006,0.9898,9,4,0.5115
6930-75918-0003.flac,bernoulli,10,4.5014,0.9121,0.0077,0.9862,9,4,0.511
6930-75918-0003.flac,ikeda,-10,1.064,0.9798,3.7124,0.0013,9,8,0.1812
6930-75918-0003.flac,ikeda,-5,1.0344,0.9798,3.4517,0.0021,9,8,0.1805
6930-75918-0003.flac,ikeda,0,1.0501,0.979,3.5502,0.0085,10,8,0.1728
6930-75918-0003.flac,ikeda,5,1.0967,0.9793,3.5824,0.0753,10,8,0.1651
6930-75918-0003.flac,ikeda,10,1.217,0.9784,0.2602,0.5493,7,8,0.3058
6930-75918-0003.flac,lorenz,-10,1.025,0.914,1.0615,0.2835,16,3,0.3685
6930-75918-0003.flac,lorenz,-5,1.0403,0.929,1.0378,0.3072,17,3,0.3643
6930-75918-0003.flac,lorenz,0,1.0765,0.9176,0.9415,0.3873,16,3,0.3736
6930-75918-0003.flac,lorenz,5,1.1587,0.9482,0.7043,0.501,18,3,0.3791
6930-75918-0003.flac,lorenz,10,1.3648,0.9941,0.005,0.7594,24,3,0.459
6930-75918-0003.flac,rossler,-10,1.0225,0.9366,1.1881,0.1657,38,3,0.3602
6930-75918-0003.flac,rossler,-5,1.0354,0.886,1.1566,0.2207,31,3,0.425
6930-75918-0003.flac,rossler,0,1.0714,0.9408,1.082,0.2625,39,3,0.3617
6930-75918-0003.flac,rossler,5,1.1463,0.9113,1.2962,0.4272,35,3,0.3581
6930-75918-0003.flac,rossler,10,1.3261,0.9183,0.0121,0.798,36,3,0.4968
6930-75918-0003.flac,chen,-10,1.0538,0.899,1.5828,0.1229,10,3,0.3272
6930-75918-0003.flac,chen,-5,1.042,0.9002,1.5918,0.1452,10,3,0.2985
6930-75918-0003.flac,chen,0,1.0549,0.8781,1.7193,0.1416,11,4,0.3298
6930-75918-0003.flac,chen,5,1.0987,0.8817,1.7012,0.2871,11,4,0.364
6930-75918-0003.flac,chen,10,1.2289,0.9496,0.0131,0.6928,15,4,0.4376
6930-75918-0003.flac,mackey_glass,-10,1.0449,0.9531,1.4527,0.1529,12,3,0.2932
6930-75918-0003.flac,mackey_glass,-5,1.0478,0.9157,1.3501,0.1864,10,3,0.3082
6930-75918-0003.flac,mackey_glass,0,1.0718,0.9536,1.2761,0.2331,12,3,0.2991
6930-75918-0003.flac,mackey_glass,5,1.136,0.9549,1.6388,0.3834,12,3,0.2823
6930-75918-0003.flac,mackey_glass,10,1.2972,0.8403,0.0151,0.7098,13,4,0.6327
6930-75918-0003.flac,duffing,-10,1.0236,0.884,1.1972,0.2138,17,3,0.4201
6930-75918-0003.flac,duffing,-5,1.035,0.8976,1.1281,0.2478,18,3,0.427
6930-75918-0003.flac,duffing,0,1.0707,0.9333,1.1027,0.313,22,3,0.3593
6930-75918-0003.flac,duffing,5,1.1958,0.9397,1.0231,0.4627,23,3,0.36
6930-75918-0003.flac,duffing,10,1.4573,0.9555,0.0083,0.8126,24,3,0.4785
5639-40744-0027.flac,logistic,-10,1.0295,0.9802,3.3139,0.0012,5,8,0.201
5639-40744-0027.flac,logistic,-5,1.0216,0.981,3.5494,0.0018,5,8,0.1885
5639-40744-0027.flac,logistic,0,1.0226,0.9773,3.5025,0.0048,4,8,0.1819
5639-40744-0027.flac,logistic,5,1.0261,0.9783,3.4752,0.0249,3,8,0.175
5639-40744-0027.flac,logistic,10,1.0441,0.9647,3.3866,0.1458,13,8,0.1798
5639-40744-0027.flac,skew_tent,-10,1.0211,0.9814,3.2563,0.0009,8,8,0.2128
5639-40744-0027.flac,skew_tent,-5,1.0215,0.976,3.7261,0.0014,7,8,0.1979
5639-40744-0027.flac,skew_tent,0,1.0225,0.975,3.5072,0.0041,6,8,0.1893
5639-40744-0027.flac,skew_tent,5,1.0262,0.9672,3.4834,0.0263,5,8,0.1832
5639-40744-0027.flac,skew_tent,10,1.0407,0.962,3.2404,0.1415,13,8,0.1868
5639-40744-0027.flac,henon,-10,1.023,0.9783,3.4991,0.0015,12,8,0.2084
5639-40744-0027.flac,henon,-5,1.0226,0.9793,3.4027,0.0021,14,8,0.1973
5639-40744-0027.flac,henon,0,1.0235,0.9739,3.4939,0.006,11,8,0.1859
5639-40744-0027.flac,henon,5,1.0273,0.9304,3.3006,0.0317,3,8,0.1909
5639-40744-0027.flac,henon,10,1.0432,0.9408,3.335,0.1534,3,8,0.187
5639-40744-0027.flac,bernoulli,-10,4.5969,0.9782,0,0.9989,15,4,0.4446
5639-40744-0027.flac,bernoulli,-5,4.6425,0.9782,0.0048,0.887,15,4,0.4428
5639-40744-0027.flac,bernoulli,0,4.6423,0.929,0.1339,0.7825,3,4,0.4358
5639-40744-0027.flac,bernoulli,5,4.6439,0.9782,0.7294,0.5062,15,4,0.3365
5639-40744-0027.flac,bernoulli,10,4.6439,0.929,0.6038,0.596,3,4,0.3679
5639-40744-0027.flac,ikeda,-10,1.023,0.9823,3.6995,0.0011,9,8,0.1663
5639-40744-0027.flac,ikeda,-5,1.0227,0.9772,3.4205,0.0022,10,8,0.1639
5639-40744-0027.flac,ikeda,0,1.0234,0.9774,3.5176,0.0058,8,8,0.1559
5639-40744-0027.flac,ikeda,5,1.0279,0.9696,3.4936,0.0266,7,8,0.156
5639-40744-0027.flac,ikeda,10,1.0479,0.9708,3.116,0.1345,12,8,0.1654
5639-40744-0027.flac,lorenz,-10,1.0427,0.9099,1.2525,0.2284,15,3,0.3451
5639-40744-0027.flac,lorenz,-5,1.0869,0.9073,1.3536,0.2094,14,3,0.3283
5639-40744-0027.flac,lorenz,0,1.1877,0.9358,1.8357,0.1363,18,4,0.2849
5639-40744-0027.flac,lorenz,5,1.3571,0.9152,1.7129,0.1694,14,4,0.2829
5639-40744-0027.flac,lorenz,10,1.6546,0.9675,1.0843,0.2823,17,4,0.2908
5639-40744-0027.flac,rossler,-10,1.0335,0.9223,1.3928,0.1648,27,3,0.3415
5639-40744-0027.flac,rossler,-5,1.0551,0.9641,1.5414,0.1578,35,3,0.3094
5639-40744-0027.flac,rossler,0,1.1312,0.9133,1.893,0.1197,24,4,0.2948
5639-40744-0027.flac,rossler,5,1.3023,0.9451,1.7829,0.1778,26,4,0.2779
5639-40744-0027.flac,rossler,10,1.5915,0.8818,1.2038,0.5103,3,4,0.4374
5639-40744-0027.flac,chen,-10,1.0613,0.8975,1.6328,0.1232,10,3,0.3201
5639-40744-0027.flac,chen,-5,1.0716,0.8777,2.0851,0.0829,11,4,0.296
5639-40744-0027.flac,chen,0,1.1149,0.9421,2.1001,0.1095,13,4,0.2543
5639-40744-0027.flac,chen,5,1.2406,0.9503,2.1711,0.1968,13,4,0.2466
5639-40744-0027.flac,chen,10,1.4798,0.9382,0.7029,0.3239,12,4,0.3189
5639-40744-0027.flac,mackey_glass,-10,1.0799,0.9569,1.5195,0.1407,12,3,0.2815
5639-40744-0027.flac,mackey_glass,-5,1.1005,0.9608,1.5563,0.1553,12,3,0.2707
5639-40744-0027.flac,mackey_glass,0,1.1668,0.8553,1.876,0.133,12,4,0.3101
5639-40744-0027.flac,mackey_glass,5,1.3053,0.9053,1.8011,0.1923,13,4,0.2664
5639-40744-0027.flac,mackey_glass,10,1.5349,0.9175,1.5368,0.3397,12,4,0.2758
5639-40744-0027.flac,duffing,-10,1.0334,0.8684,1.6776,0.1348,20,4,0.3707
5639-40744-0027.flac,duffing,-5,1.0724,0.9073,1.7636,0.1363,20,4,0.3138
5639-40744-0027.flac,duffing,0,1.1812,0.958,1.7938,0.1495,21,4,0.2829
5639-40744-0027.flac,duffing,5,1.4258,0.9343,1.5522,0.2263,15,4,0.287
5639-40744-0027.flac,duffing,10,1.8084,0.8834,0.8066,0.5448,3,4,0.467
1188-133604-0009.flac,logistic,-10,1.0487,0.9792,4.2935,0.0005,4,8,0.1655
1188-133604-0009.flac,logistic,-5,1.0365,0.9611,4.9294,0.0002,12,8,0.1592
1188-133604-0009.flac,logistic,0,1.0383,0.9404,4.5679,0.0002,9,8,0.168
1188-133604-0009.flac,logistic,5,1.0468,0.9724,2.7529,0.0124,5,4,0.19
1188-133604-0009.flac,logistic,10,1.0798,0.9625,2.6817,0.0139,6,4,0.2094
1188-133604-0009.flac,skew_tent,-10,1.0324,0.9792,4.507,0.0004,6,8,0.1681
1188-133604-0009.flac,skew_tent,-5,1.0319,0.9639,4.7001,0.0002,10,8,0.1626
1188-133604-0009.flac,skew_tent,0,1.0354,0.9275,4.6325,0.0001,13,8,0.172
1188-133604-0009.flac,skew_tent,5,1.0502,0.887,2.8619,0.0016,12,6,0.2098
1188-133604-0009.flac,skew_tent,10,1.0862,0.9579,2.6911,0.0135,6,4,0.2075
1188-133604-0009.flac,henon,-10,1.0455,0.9711,4.07,0.0006,5,8,0.1706
1188-133604-0009.flac,henon,-5,1.0379,0.9579,3.4356,0.0005,3,8,0.175
1188-133604-0009.flac,henon,0,1.0399,0.9912,2.7912,0.0154,3,4,0.1761
1188-133604-0009.flac,henon,5,1.0525,0.9356,2.9168,0.0033,13,5,0.1962
1188-133604-0009.flac,henon,10,1.0869,0.9598,2.6546,0.0088,15,4,0.2084
1188-133604-0009.flac,bernoulli,-10,4.4947,0.9511,1.3032,0.3422,6,4,0.2941
1188-133604-0009.flac,bernoulli,-5,4.5285,0.9511,1.9431,0.0974,6,4,0.2676
1188-133604-0009.flac,bernoulli,0,4.5598,0.9511,2.2862,0.0468,6,4,0.2581
1188-133604-0009.flac,bernoulli,5,4.582,0.9511,2.4371,0.0235,6,4,0.2544
1188-133604-0009.flac,bernoulli,10,4.5985,0.9511,2.4882,0.0155,6,4,0.2533
1188-133604-0009.flac,ikeda,-10,1.0452,0.9777,4.6941,0.0004,6,8,0.1393
1188-133604-0009.flac,ikeda,-5,1.0401,0.9714,4.5338,0.0004,4,8,0.144
1188-133604-0009.flac,ikeda,0,1.0394,0.9285,4.5331,0.0001,11,8,0.1622
1188-133604-0009.flac,ikeda,5,1.0485,0.9704,2.7721,0.0125,6,4,0.187
1188-133604-0009.flac,ikeda,10,1.0795,0.9628,2.6907,0.0136,6,4,0.209
1188-133604-0009.flac,lorenz,-10,1.0996,0.9724,2.2075,0.0597,21,4,0.2693
1188-133604-0009.flac,lorenz,-5,1.1903,0.9593,2.3825,0.0363,11,4,0.2599
1188-133604-0009.flac,lorenz,0,1.3897,0.9747,2.5732,0.0138,18,4,0.2474
1188-133604-0009.flac,lorenz,5,1.7296,0.9474,2.5462,0.0134,12,4,0.253
1188-133604-0009.flac,lorenz,10,2.2444,0.9653,2.5853,0.0116,10,4,0.2471
1188-133604-0009.flac,rossler,-10,1.0965,0.9187,2.2908,0.041,21,4,0.2806
1188-133604-0009.flac,rossler,-5,1.1947,0.9579,2.5816,0.0189,19,4,0.2538
1188-133604-0009.flac,rossler,0,1.3706,0.948,2.6315,0.012,21,4,0.2512
1188-133604-0009.flac,rossler,5,1.6309,0.9472,2.5998,0.0089,22,4,0.2509
1188-133604-0009.flac,rossler,10,2.0694,0.9522,2.5668,0.0132,11,4,0.2501
1188-133604-0009.flac,chen,-10,1.1335,0.9592,2.5692,0.0229,14,4,0.2492
1188-133604-0009.flac,chen,-5,1.1633,0.9751,2.6807,0.0157,14,4,0.2418
1188-133604-0009.flac,chen,0,1.2261,0.9761,2.6527,0.0122,17,4,0.2424
1188-133604-0009.flac,chen,5,1.3955,0.968,2.6468,0.01,13,4,0.2452
1188-133604-0009.flac,chen,10,1.6975,0.9599,2.574,0.0117,14,4,0.2487
1188-133604-0009.flac,mackey_glass,-10,1.1394,0.9174,2.4475,0.0376,10,4,0.2553
1188-133604-0009.flac,mackey_glass,-5,1.2134,0.9486,2.8777,0.009,13,5,0.2395
1188-133604-0009.flac,mackey_glass,0,1.3095,0.974,2.693,0.0122,14,4,0.2387
1188-133604-0009.flac,mackey_glass,5,1.5049,0.9625,2.6542,0.0098,14,4,0.2444
1188-133604-0009.flac,mackey_glass,10,1.8026,0.9572,2.5815,0.0111,14,4,0.2487
1188-133604-0009.flac,duffing,-10,1.0836,0.9414,2.3942,0.0389,20,4,0.271
1188-133604-0009.flac,duffing,-5,1.163,0.9567,2.6066,0.0168,20,4,0.2535
1188-133604-0009.flac,duffing,0,1.3653,0.9464,2.6417,0.0106,22,4,0.2513
1188-133604-0009.flac,duffing,5,1.7853,0.9361,2.6145,0.0085,21,4,0.2534
1188-133604-0009.flac,duffing,10,2.3101,0.934,2.576,0.0078,21,4,0.2547
7127-75947-0009.flac,logistic,-10,1.0359,0.9779,3.2452,0.001,6,8,0.2057
7127-75947-0009.flac,logistic,-5,1.0501,0.9766,3.5378,0.0016,6,8,0.1917
7127-75947-0009.flac,logistic,0,1.0534,0.9746,3.4962,0.0043,6,8,0.1814
7127-75947-0009.flac,logistic,5,1.0835,0.9774,3.4926,0.027,3,8,0.1716
7127-75947-0009.flac,logistic,10,1.1802,0.9683,2.7975,0.1407,7,8,0.1798
7127-75947-0009.flac,skew_tent,-10,1.0313,0.9804,3.3206,0.0012,7,8,0.2147
7127-75947-0009.flac,skew_tent,-5,1.0364,0.9805,3.4185,0.0017,7,8,0.2002
7127-75947-0009.flac,skew_tent,0,1.0502,0.977,3.5212,0.0055,6,8,0.1852
7127-75947-0009.flac,skew_tent,5,1.0872,0.9734,3.4948,0.0364,6,8,0.1746
7127-75947-0009.flac,skew_tent,10,1.1883,0.9714,3.7676,0.1976,3,8,0.1678
7127-75947-0009.flac,henon,-10,1.0379,0.9758,3.2775,0.0016,15,8,0.2169
7127-75947-0009.flac,henon,-5,1.0413,0.9764,3.403,0.0029,8,8,0.2009
7127-75947-0009.flac,henon,0,1.0534,0.9765,3.4961,0.0068,8,8,0.1844
7127-75947-0009.flac,henon,5,1.0884,0.9748,3.4598,0.0284,8,8,0.1731
7127-75947-0009.flac,henon,10,1.1962,0.9603,3.8459,0.1652,3,8,0.1678
7127-75947-0009.flac,bernoulli,-10,4.4942,0.9326,0,0.9867,14,8,0.4449
7127-75947-0009.flac,bernoulli,-5,4.5081,0.9326,0.0222,0.8116,14,8,0.4365
7127-75947-0009.flac,bernoulli,0,4.5417,0.9326,0.3132,0.5634,14,8,0.3782
7127-75947-0009.flac,bernoulli,5,4.5672,0.9326,2.2342,0.3943,14,8,0.2622
7127-75947-0009.flac,bernoulli,10,4.5846,0.9326,2.2465,0.3247,14,8,0.2608
7127-75947-0009.flac,ikeda,-10,1.0443,0.9796,4.2375,0.0008,9,8,0.165
7127-75947-0009.flac,ikeda,-5,1.0484,0.9807,3.4166,0.0017,6,8,0.1647
7127-75947-0009.flac,ikeda,0,1.0614,0.9787,3.5243,0.0053,9,8,0.1558
7127-75947-0009.flac,ikeda,5,1.09,0.9695,3.4501,0.0376,3,8,0.1552
7127-75947-0009.flac,ikeda,10,1.1801,0.9703,3.1252,0.1259,8,8,0.1616
7127-75947-0009.flac,lorenz,-10,1.0604,0.9377,1.1731,0.2472,16,3,0.3375
7127-75947-0009.flac,lorenz,-5,1.1305,0.934,1.5429,0.1844,16,4,0.3096
7127-75947-0009.flac,lorenz,0,1.2745,0.9628,1.5662,0.1788,16,4,0.2867
7127-75947-0009.flac,lorenz,5,1.5726,0.9789,1.3497,0.2338,15,4,0.279
7127-75947-0009.flac,lorenz,10,2.0049,0.9773,1.1019,0.3072,17,5,0.2863
7127-75947-0009.flac,rossler,-10,1.0628,0.9197,1.3338,0.1869,33,3,0.3383
7127-75947-0009.flac,rossler,-5,1.1152,0.9229,1.4438,0.1697,32,3,0.3193
7127-75947-0009.flac,rossler,0,1.227,0.8773,1.7681,0.1623,29,4,0.3409
7127-75947-0009.flac,rossler,5,1.4706,0.9456,1.9261,0.1967,24,4,0.2686
7127-75947-0009.flac,rossler,10,1.8266,0.9525,2.6141,0.269,20,5,0.2441
7127-75947-0009.flac,chen,-10,1.0781,0.9019,1.6397,0.1154,10,3,0.2915
7127-75947-0009.flac,chen,-5,1.1075,0.8704,2.0065,0.0836,10,4,0.3013
7127-75947-0009.flac,chen,0,1.1951,0.9437,2.0429,0.1014,13,4,0.2574
7127-75947-0009.flac,chen,5,1.409,0.9407,2.4241,0.1499,12,5,0.2456
7127-75947-0009.flac,chen,10,1.7791,0.911,2.8643,0.185,11,8,0.2468
7127-75947-0009.flac,mackey_glass,-10,1.1113,0.9567,1.5163,0.1454,12,3,0.2824
7127-75947-0009.flac,mackey_glass,-5,1.1611,0.9512,1.5145,0.1565,11,3,0.2779
7127-75947-0009.flac,mackey_glass,0,1.2817,0.8744,1.8348,0.1373,11,4,0.3118
7127-75947-0009.flac,mackey_glass,5,1.5182,0.9342,2.1006,0.2301,12,4,0.2529
7127-75947-0009.flac,mackey_glass,10,1.8589,0.9258,2.5888,0.1788,13,8,0.2411
7127-75947-0009.flac,duffing,-10,1.0588,0.9236,1.315,0.2006,19,3,0.3402
7127-75947-0009.flac,duffing,-5,1.1215,0.9256,1.7925,0.1156,26,4,0.3076
7127-75947-0009.flac,duffing,0,1.265,0.9519,1.6688,0.1809,16,4,0.2908
7127-75947-0009.flac,duffing,5,1.5629,0.9547,1.8956,0.1853,15,5,0.2687
7127-75947-0009.flac,duffing,10,2.0349,0.9219,2.5736,0.1456,15,8,0.2526
2094-142345-0000.flac,logistic,-10,1.0341,0.9805,3.314,0.0014,7,8,0.2156
2094-142345-0000.flac,logistic,-5,1.0337,0.9812,3.3988,0.0019,6,8,0.2141
2094-142345-0000.flac,logistic,0,1.0343,0.9814,3.4916,0.0074,6,8,0.2119
2094-142345-0000.flac,logistic,5,1.0383,0.9813,4.1308,0.0538,6,8,0.1995
2094-142345-0000.flac,logistic,10,1.0578,0.979,0.0685,0.6882,5,8,0.378
2094-142345-0000.flac,skew_tent,-10,1.0432,0.9797,3.8579,0.0011,11,8,0.2217
2094-142345-0000.flac,skew_tent,-5,1.0362,0.9771,3.4273,0.0022,12,8,0.2272
2094-142345-0000.flac,skew_tent,0,1.0371,0.9797,3.5368,0.008,11,8,0.2242
2094-142345-0000.flac,skew_tent,5,1.0413,0.9792,3.4043,0.0653,7,8,0.2205
2094-142345-0000.flac,skew_tent,10,1.0644,0.9811,0.0748,0.6245,6,8,0.3885
2094-142345-0000.flac,henon,-10,1.0454,0.9783,3.834,0.0018,14,8,0.2291
2094-142345-0000.flac,henon,-5,1.0412,0.9777,3.4241,0.0033,14,8,0.2335
2094-142345-0000.flac,henon,0,1.0403,0.9755,3.5059,0.0117,12,8,0.2306
2094-142345-0000.flac,henon,5,1.0435,0.98,3.3071,0.0734,18,8,0.2238
2094-142345-0000.flac,henon,10,1.0663,0.9756,0.0797,0.5945,12,8,0.387
2094-142345-0000.flac,bernoulli,-10,4.4956,0.998,0,1,3,4,0.3944
2094-142345-0000.flac,bernoulli,-5,4.5319,0.998,0,1,3,4,0.3944
2094-142345-0000.flac,bernoulli,0,4.5642,0.998,0,1,3,4,0.3944
2094-142345-0000.flac,bernoulli,5,4.5872,0.998,0,1,3,4,0.3944
2094-142345-0000.flac,bernoulli,10,4.6202,0.998,0,1,3,4,0.3944
2094-142345-0000.flac,ikeda,-10,1.0401,0.9798,3.2846,0.0011,8,8,0.1896
2094-142345-0000.flac,ikeda,-5,1.0372,0.9817,3.6027,0.0021,11,8,0.1843
2094-142345-0000.flac,ikeda,0,1.0372,0.981,3.5498,0.0086,9,8,0.1826
2094-142345-0000.flac,ikeda,5,1.0409,0.981,3.4113,0.0781,9,8,0.178
2094-142345-0000.flac,ikeda,10,1.0619,0.9726,0.0843,0.6055,5,8,0.3485
2094-142345-0000.flac,lorenz,-10,1.0343,0.9134,1.0441,0.3031,16,3,0.3711
2094-142345-0000.flac,lorenz,-5,1.0476,0.9135,0.9932,0.331,16,3,0.3747
2094-142345-0000.flac,lorenz,0,1.0793,0.9134,0.8716,0.3672,16,3,0.3834
2094-142345-0000.flac,lorenz,5,1.1735,0.9279,0.7773,0.5255,17,3,0.387
2094-142345-0000.flac,lorenz,10,1.4191,0.9525,0.0002,0.8089,19,3,0.4866
2094-142345-0000.flac,rossler,-10,1.0359,0.9059,1.1786,0.1814,34,3,0.3714
2094-142345-0000.flac,rossler,-5,1.0481,0.9238,1.1474,0.2006,37,3,0.3677
2094-142345-0000.flac,rossler,0,1.0662,0.9192,1.0533,0.2576,37,3,0.3742
2094-142345-0000.flac,rossler,5,1.1072,0.9123,1.2321,0.4865,36,3,0.3687
2094-142345-0000.flac,rossler,10,1.2415,0.9226,0.0072,0.8361,38,3,0.5033
2094-142345-0000.flac,chen,-10,1.0721,0.8978,1.5699,0.12,10,3,0.3281
2094-142345-0000.flac,chen,-5,1.0547,0.8977,1.5053,0.1505,10,3,0.3381
2094-142345-0000.flac,chen,0,1.0706,0.8978,1.3421,0.2168,10,3,0.3614
2094-142345-0000.flac,chen,5,1.1291,0.9205,1.6298,0.4003,11,3,0.2969
2094-142345-0000.flac,chen,10,1.2799,0.8957,0.0042,0.7663,12,4,0.6388
2094-142345-0000.flac,mackey_glass,-10,1.0614,0.9546,1.4903,0.1532,12,3,0.2936
2094-142345-0000.flac,mackey_glass,-5,1.0682,0.9548,1.3767,0.1771,12,3,0.2984
2094-142345-0000.flac,mackey_glass,0,1.0937,0.955,1.227,0.2407,12,3,0.3056
2094-142345-0000.flac,mackey_glass,5,1.1709,0.9548,1.3915,0.4055,12,3,0.2985
2094-142345-0000.flac,mackey_glass,10,1.3387,0.9539,0.0008,0.8346,12,3,0.4464
2094-142345-0000.flac,duffing,-10,1.0288,0.8948,1.215,0.2149,18,3,0.4184
2094-142345-0000.flac,duffing,-5,1.0374,0.8962,1.1579,0.2469,18,3,0.4286
2094-142345-0000.flac,duffing,0,1.0701,0.9054,1.0839,0.3273,19,3,0.3754
2094-142345-0000.flac,duffing,5,1.194,0.9269,0.6009,0.5113,21,3,0.4055
2094-142345-0000.flac,duffing,10,1.4776,0.9616,0.0001,0.8692,30,3,0.485
4507-16021-0020.flac,logistic,-10,1.0322,0.978,3.407,0.0009,6,8,0.1924
4507-16021-0020.flac,logistic,-5,1.0335,0.9758,3.305,0.001,5,8,0.1857
4507-16021-0020.flac,logistic,0,1.0414,0.9663,3.358,0.0023,8,8,0.1794
4507-16021-0020.flac,logistic,5,1.0625,0.9488,3.3161,0.0109,9,8,0.1828
4507-16021-0020.flac,logistic,10,1.1359,0.97,1.7907,0.1515,8,4,0.215
4507-16021-0020.flac,skew_tent,-10,1.0326,0.9804,3.5812,0.0007,8,8,0.2012
4507-16021-0020.flac,skew_tent,-5,1.0359,0.975,3.8411,0.0008,7,8,0.1875
4507-16021-0020.flac,skew_tent,0,1.0461,0.9644,3.3648,0.0019,8,8,0.1867
4507-16021-0020.flac,skew_tent,5,1.068,0.9514,3.3568,0.0107,9,8,0.1885
4507-16021-0020.flac,skew_tent,10,1.1468,0.9703,2.0081,0.1518,8,4,0.2141
4507-16021-0020.flac,henon,-10,1.0405,0.9739,3.3224,0.0017,9,8,0.2038
4507-16021-0020.flac,henon,-5,1.0424,0.9675,3.3126,0.0016,5,8,0.1944
4507-16021-0020.flac,henon,0,1.0506,0.9423,3.2651,0.0049,3,8,0.1909
4507-16021-0020.flac,henon,5,1.0707,0.9448,3.2834,0.0158,8,8,0.1879
4507-16021-0020.flac,henon,10,1.1516,0.9655,2.1127,0.1468,9,5,0.2111
4507-16021-0020.flac,bernoulli,-10,4.4956,0.9517,0.0514,0.8052,8,4,0.4255
4507-16021-0020.flac,bernoulli,-5,4.5323,0.9517,0.6783,0.4274,8,4,0.3321
4507-16021-0020.flac,bernoulli,0,4.5615,0.9517,0.8019,0.2881,8,4,0.3202
4507-16021-0020.flac,bernoulli,5,4.5812,0.9517,0.8816,0.2414,8,4,0.3138
4507-16021-0020.flac,bernoulli,10,4.6008,0.9517,0.9187,0.2349,8,4,0.3111
4507-16021-0020.flac,ikeda,-10,1.0383,0.9783,2.877,0.0011,8,8,0.1715
4507-16021-0020.flac,ikeda,-5,1.0405,0.9752,3.6722,0.001,9,8,0.1555
4507-16021-0020.flac,ikeda,0,1.0498,0.9608,3.3914,0.0025,4,8,0.1608
4507-16021-0020.flac,ikeda,5,1.0726,0.9485,3.3534,0.0152,9,8,0.1706
4507-16021-0020.flac,ikeda,10,1.1632,0.9641,2.2018,0.1178,9,5,0.201
4507-16021-0020.flac,lorenz,-10,1.0479,0.9639,1.4609,0.1614,13,3,0.2996
4507-16021-0020.flac,lorenz,-5,1.0803,0.9496,1.8384,0.0877,12,4,0.274
4507-16021-0020.flac,lorenz,0,1.1729,0.9703,1.839,0.0783,12,4,0.2549
4507-16021-0020.flac,lorenz,5,1.4035,0.9575,1.6651,0.1126,10,4,0.2582
4507-16021-0020.flac,lorenz,10,1.7969,0.9427,1.3703,0.1692,8,4,0.2751
4507-16021-0020.flac,rossler,-10,1.0315,0.8692,2.0349,0.0851,26,4,0.3249
4507-16021-0020.flac,rossler,-5,1.0443,0.9314,2.1639,0.0527,21,4,0.2652
4507-16021-0020.flac,rossler,0,1.0787,0.9331,2.0814,0.0513,13,4,0.2532
4507-16021-0020.flac,rossler,5,1.2032,0.9555,1.8898,0.0803,11,4,0.2471
4507-16021-0020.flac,rossler,10,1.4766,0.9387,1.5699,0.1747,8,4,0.2622
4507-16021-0020.flac,chen,-10,1.0938,0.9195,2.2718,0.0537,11,4,0.2597
4507-16021-0020.flac,chen,-5,1.0864,0.953,2.3557,0.0434,11,4,0.2401
4507-16021-0020.flac,chen,0,1.1343,0.967,2.3005,0.0455,11,4,0.2297
4507-16021-0020.flac,chen,5,1.2966,0.9087,2.2799,0.0619,9,5,0.2423
4507-16021-0020.flac,chen,10,1.5896,0.9652,1.678,0.1602,10,4,0.2473
4507-16021-0020.flac,mackey_glass,-10,1.0741,0.9652,1.6602,0.1301,12,3,0.2644
4507-16021-0020.flac,mackey_glass,-5,1.105,0.8943,2.0558,0.0773,11,4,0.2788
4507-16021-0020.flac,mackey_glass,0,1.181,0.9229,2.0389,0.0737,10,4,0.2476
4507-16021-0020.flac,mackey_glass,5,1.3448,0.9339,1.8801,0.1117,10,4,0.2485
4507-16021-0020.flac,mackey_glass,10,1.6261,0.9134,1.4249,0.1757,8,4,0.2758
4507-16021-0020.flac,duffing,-10,1.0334,0.9296,1.9317,0.0887,24,4,0.296
4507-16021-0020.flac,duffing,-5,1.0573,0.9522,1.887,0.0868,13,4,0.2701
4507-16021-0020.flac,duffing,0,1.1726,0.9664,1.8723,0.0774,13,4,0.2511
4507-16021-0020.flac,duffing,5,1.4324,0.9618,1.6686,0.121,10,4,0.2538
4507-16021-0020.flac,duffing,10,1.8694,0.9489,1.4222,0.1751,8,4,0.267
8230-279154-0038.flac,logistic,-10,1.0301,0.9813,3.4467,0.001,8,8,0.197
8230-279154-0038.flac,logistic,-5,1.0283,0.9768,3.3201,0.0011,8,8,0.1932
8230-279154-0038.flac,logistic,0,1.0306,0.9684,3.6911,0.002,16,8,0.1862
8230-279154-0038.flac,logistic,5,1.035,0.9454,3.3871,0.0097,16,8,0.1942
8230-279154-0038.flac,logistic,10,1.0573,0.9586,1.9552,0.1589,15,4,0.2236
8230-279154-0038.flac,skew_tent,-10,1.0266,0.9813,3.649,0.0008,8,8,0.2071
8230-279154-0038.flac,skew_tent,-5,1.0258,0.977,3.8615,0.0012,9,8,0.1983
8230-279154-0038.flac,skew_tent,0,1.029,0.964,3.4079,0.0021,10,8,0.1997
8230-279154-0038.flac,skew_tent,5,1.0366,0.9407,3.4116,0.0097,12,8,0.2038
8230-279154-0038.flac,skew_tent,10,1.0645,0.9477,2.3599,0.1089,18,5,0.2239
8230-279154-0038.flac,henon,-10,1.0346,0.9729,3.8188,0.0013,11,8,0.2045
8230-279154-0038.flac,henon,-5,1.0288,0.9743,3.3642,0.0019,8,8,0.2015
8230-279154-0038.flac,henon,0,1.0307,0.9143,3.3189,0.005,3,8,0.2109
8230-279154-0038.flac,henon,5,1.0387,0.9827,2.0339,0.1139,3,4,0.2174
8230-279154-0038.flac,henon,10,1.0652,0.9886,1.1727,0.2326,3,4,0.2521
8230-279154-0038.flac,bernoulli,-10,4.4922,0.9379,0.0076,0.8825,16,3,0.4924
8230-279154-0038.flac,bernoulli,-5,4.5039,0.9379,0.9083,0.6159,16,3,0.3712
8230-279154-0038.flac,bernoulli,0,4.5394,0.9379,0.7614,0.3796,16,3,0.3785
8230-279154-0038.flac,bernoulli,5,4.5667,0.9379,0.8495,0.3316,16,3,0.3709
8230-279154-0038.flac,bernoulli,10,4.5858,0.9379,0.8844,0.2831,16,3,0.3677
8230-279154-0038.flac,ikeda,-10,1.0345,0.9791,3.2979,0.0007,8,8,0.1689
8230-279154-0038.flac,ikeda,-5,1.0303,0.9783,3.3635,0.0011,7,8,0.1632
8230-279154-0038.flac,ikeda,0,1.0301,0.9698,3.4384,0.0038,4,8,0.1627
8230-279154-0038.flac,ikeda,5,1.036,0.9795,2.7074,0.0679,4,5,0.1764
8230-279154-0038.flac,ikeda,10,1.0613,0.9606,1.7964,0.1474,17,4,0.2165
8230-279154-0038.flac,lorenz,-10,1.087,0.9189,1.3488,0.2079,16,3,0.3429
8230-279154-0038.flac,lorenz,-5,1.1635,0.969,1.5571,0.1371,21,3,0.3126
8230-279154-0038.flac,lorenz,0,1.3259,0.984,1.6883,0.1133,25,3,0.2989
8230-279154-0038.flac,lorenz,5,1.6026,0.9713,1.6108,0.1398,22,3,0.3062
8230-279154-0038.flac,lorenz,10,2.0051,0.9171,1.7093,0.119,21,4,0.3212
8230-279154-0038.flac,rossler,-10,1.0742,0.98,1.6938,0.1114,35,3,0.3127
8230-279154-0038.flac,rossler,-5,1.1326,0.9526,1.7806,0.1019,26,3,0.3082
8230-279154-0038.flac,rossler,0,1.2736,0.9563,2.1724,0.0563,28,4,0.2887
8230-279154-0038.flac,rossler,5,1.4897,0.9294,2.0126,0.084,25,4,0.2994
8230-279154-0038.flac,rossler,10,1.8047,0.9455,1.4138,0.1988,21,3,0.3208
8230-279154-0038.flac,chen,-10,1.176,0.9041,2.2303,0.0564,12,4,0.2756
8230-279154-0038.flac,chen,-5,1.1663,0.8898,2.2681,0.0639,11,4,0.2927
8230-279154-0038.flac,chen,0,1.2294,0.9611,2.3238,0.0593,15,4,0.2616
8230-279154-0038.flac,chen,5,1.3627,0.9658,2.1326,0.0897,16,4,0.2715
8230-279154-0038.flac,chen,10,1.6026,0.9676,1.7977,0.1754,18,4,0.2911
8230-279154-0038.flac,mackey_glass,-10,1.1442,0.9609,1.6427,0.129,12,3,0.2801
8230-279154-0038.flac,mackey_glass,-5,1.1785,0.8553,2.0805,0.0736,12,4,0.3072
8230-279154-0038.flac,mackey_glass,0,1.2509,0.9161,2.1179,0.0773,13,4,0.2743
8230-279154-0038.flac,mackey_glass,5,1.427,0.9618,1.9885,0.0865,15,4,0.2717
8230-279154-0038.flac,mackey_glass,10,1.6681,0.9676,1.6958,0.1468,16,4,0.2929
8230-279154-0038.flac,duffing,-10,1.0737,0.9507,1.5445,0.1498,22,3,0.3277
8230-279154-0038.flac,duffing,-5,1.151,0.9742,1.6707,0.125,25,3,0.3094
8230-279154-0038.flac,duffing,0,1.3093,0.9629,1.7543,0.1184,22,3,0.3037
8230-279154-0038.flac,duffing,5,1.6066,0.9308,1.9392,0.0949,22,4,0.3046
8230-279154-0038.flac,duffing,10,2.0463,0.918,1.6921,0.1406,20,4,0.3182
8224-274381-0001.flac,logistic,-10,1.0296,0.982,3.3169,0.0013,8,8,0.2148
8224-274381-0001.flac,logistic,-5,1.0279,0.9814,3.3995,0.002,8,8,0.209
8224-274381-0001.flac,logistic,0,1.0275,0.9812,3.5008,0.0069,8,8,0.198
8224-274381-0001.flac,logistic,5,1.0322,0.9808,3.5509,0.0506,5,8,0.1905
8224-274381-0001.flac,logistic,10,1.0546,0.9823,0.146,0.5207,6,8,0.3473
8224-274381-0001.flac,skew_tent,-10,1.0297,0.9772,3.2781,0.001,10,8,0.2284
8224-274381-0001.flac,skew_tent,-5,1.028,0.9779,3.3915,0.002,11,8,0.2225
8224-274381-0001.flac,skew_tent,0,1.0279,0.9804,3.5438,0.0071,7,8,0.2126
8224-274381-0001.flac,skew_tent,5,1.0325,0.9805,3.4373,0.0634,7,8,0.2076
8224-274381-0001.flac,skew_tent,10,1.0555,0.981,0.2845,0.4984,8,8,0.3372
8224-274381-0001.flac,henon,-10,1.0336,0.9804,3.3479,0.002,18,8,0.2325
8224-274381-0001.flac,henon,-5,1.0307,0.9818,3.421,0.0031,15,8,0.2235
8224-274381-0001.flac,henon,0,1.0298,0.9805,3.5086,0.0102,14,8,0.2106
8224-274381-0001.flac,henon,5,1.0353,0.9773,3.3384,0.0679,8,8,0.2031
8224-274381-0001.flac,henon,10,1.0608,0.9773,0.1507,0.4985,10,8,0.3552
8224-274381-0001.flac,bernoulli,-10,4.471,0.9523,0,1,6,4,0.4626
8224-274381-0001.flac,bernoulli,-5,4.5115,0.9523,0,1,6,4,0.4626
8224-274381-0001.flac,bernoulli,0,4.5476,0.9523,0,1,6,4,0.4626
8224-274381-0001.flac,bernoulli,5,4.5726,0.9523,0,1,6,4,0.4626
8224-274381-0001.flac,bernoulli,10,4.589,0.9523,0,1,6,4,0.4626
8224-274381-0001.flac,ikeda,-10,1.0329,0.979,3.7132,0.0012,8,8,0.1822
8224-274381-0001.flac,ikeda,-5,1.0297,0.9796,3.4549,0.0021,8,8,0.1791
8224-274381-0001.flac,ikeda,0,1.0285,0.9794,3.5517,0.0088,9,8,0.1694
8224-274381-0001.flac,ikeda,5,1.0334,0.9798,3.4152,0.0754,8,8,0.1629
8224-274381-0001.flac,ikeda,10,1.0572,0.9797,0.1358,0.5449,8,8,0.3223
8224-274381-0001.flac,lorenz,-10,1.0314,0.9128,1.0668,0.2591,16,3,0.3687
8224-274381-0001.flac,lorenz,-5,1.0539,0.9277,1.0479,0.2843,17,3,0.3649
8224-274381-0001.flac,lorenz,0,1.2149,0.9533,0.9909,0.3638,19,3,0.3595
8224-274381-0001.flac,lorenz,5,1.4373,0.987,0.5613,0.4666,23,3,0.3794
8224-274381-0001.flac,lorenz,10,1.8595,0.9993,0.008,0.8016,28,3,0.457
8224-274381-0001.flac,rossler,-10,1.0352,0.9128,1.1809,0.2011,35,3,0.3693
8224-274381-0001.flac,rossler,-5,1.0823,0.8982,1.1609,0.1951,33,3,0.4172
8224-274381-0001.flac,rossler,0,1.1619,0.9057,1.0847,0.2608,35,3,0.3749
8224-274381-0001.flac,rossler,5,1.3499,0.8948,1.2978,0.4637,34,3,0.4729
8224-274381-0001.flac,rossler,10,1.6796,0.8954,0.0126,0.7681,35,3,0.68
8224-274381-0001.flac,chen,-10,1.0888,0.8986,1.5743,0.1233,10,3,0.3285
8224-274381-0001.flac,chen,-5,1.0981,0.9212,1.5357,0.1404,11,3,0.296
8224-274381-0001.flac,chen,0,1.1536,0.8709,1.7241,0.1397,11,4,0.3329
8224-274381-0001.flac,chen,5,1.2717,0.9172,1.3369,0.3008,13,4,0.3063
8224-274381-0001.flac,chen,10,1.5043,0.9312,0.0078,0.6959,14,4,0.4493
8224-274381-0001.flac,mackey_glass,-10,1.1146,0.9546,1.4359,0.1503,12,3,0.2957
8224-274381-0001.flac,mackey_glass,-5,1.1353,0.9545,1.3917,0.1721,12,3,0.2973
8224-274381-0001.flac,mackey_glass,0,1.2044,0.9537,1.2741,0.2386,12,3,0.302
8224-274381-0001.flac,mackey_glass,5,1.3434,0.9701,1.5603,0.392,13,3,0.283
8224-274381-0001.flac,mackey_glass,10,1.589,0.787,0.0077,0.6831,12,4,0.6421
8224-274381-0001.flac,duffing,-10,1.0379,0.8759,1.2045,0.2227,17,3,0.4256
8224-274381-0001.flac,duffing,-5,1.0611,0.9271,1.2452,0.2306,22,3,0.3589
8224-274381-0001.flac,duffing,0,1.1761,0.947,1.2989,0.2809,26,3,0.3498
8224-274381-0001.flac,duffing,5,1.4329,0.9335,0.6868,0.4422,24,3,0.3944
8224-274381-0001.flac,duffing,10,1.9039,0.9585,0.0146,0.7296,33,3,0.4821
8224-274384-0011.flac,logistic,-10,1.0316,0.9792,3.2893,0.001,6,8,0.1962
8224-274384-0011.flac,logistic,-5,1.0307,0.9743,3.3266,0.0012,6,8,0.1926
8224-274384-0011.flac,logistic,0,1.0317,0.9687,3.3956,0.0029,6,8,0.189
8224-274384-0011.flac,logistic,5,1.0399,0.9624,3.3667,0.0108,12,8,0.1917
8224-274384-0011.flac,logistic,10,1.0689,0.989,1.8057,0.1808,14,4,0.2228
8224-274384-0011.flac,skew_tent,-10,1.0316,0.9787,3.3708,0.0008,8,8,0.2101
8224-274384-0011.flac,skew_tent,-5,1.031,0.9781,3.6784,0.001,9,8,0.1993
8224-274384-0011.flac,skew_tent,0,1.0331,0.9763,3.7036,0.0023,12,8,0.1932
8224-274384-0011.flac,skew_tent,5,1.0421,0.9653,3.377,0.0151,12,8,0.2003
8224-274384-0011.flac,skew_tent,10,1.0733,0.977,2.1784,0.1268,12,5,0.2245
8224-274384-0011.flac,henon,-10,1.0368,0.9758,3.3206,0.0013,8,8,0.2056
8224-274384-0011.flac,henon,-5,1.034,0.9737,3.6747,0.0017,8,8,0.1948
8224-274384-0011.flac,henon,0,1.0356,0.9599,3.3724,0.0028,5,8,0.1985
8224-274384-0011.flac,henon,5,1.0463,0.9849,2.0812,0.096,3,4,0.2176
8224-274384-0011.flac,henon,10,1.0788,0.9742,2.0344,0.1139,10,5,0.2262
8224-274384-0011.flac,bernoulli,-10,4.491,0.9828,0.0088,0.8673,14,4,0.4737
8224-274384-0011.flac,bernoulli,-5,4.5016,0.9828,0.7578,0.5076,14,4,0.3665
8224-274384-0011.flac,bernoulli,0,4.5374,0.9828,0.8221,0.2787,14,4,0.3605
8224-274384-0011.flac,bernoulli,5,4.565,0.9828,0.873,0.2813,14,4,0.3568
8224-274384-0011.flac,bernoulli,10,4.5843,0.9828,0.8864,0.2521,14,4,0.3557
8224-274384-0011.flac,ikeda,-10,1.0352,0.9793,3.6876,0.0011,8,8,0.1615
8224-274384-0011.flac,ikeda,-5,1.0324,0.9755,3.7021,0.0015,4,8,0.1574
8224-274384-0011.flac,ikeda,0,1.0332,0.9728,3.424,0.0035,4,8,0.1606
8224-274384-0011.flac,ikeda,5,1.0422,0.961,3.3619,0.0189,12,8,0.1709
8224-274384-0011.flac,ikeda,10,1.0736,0.9774,1.9921,0.1493,14,5,0.2076
8224-274384-0011.flac,lorenz,-10,1.0579,0.9796,1.1507,0.2246,19,3,0.3372
8224-274384-0011.flac,lorenz,-5,1.1002,0.9399,1.3152,0.1824,16,4,0.3354
8224-274384-0011.flac,lorenz,0,1.2125,0.9746,1.2878,0.1673,20,4,0.3231
8224-274384-0011.flac,lorenz,5,1.4193,0.9812,1.1513,0.1755,17,4,0.3275
8224-274384-0011.flac,lorenz,10,1.7935,0.985,1.0094,0.2169,17,4,0.34
8224-274384-0011.flac,rossler,-10,1.0461,0.891,1.2546,0.1607,27,3,0.3992
8224-274384-0011.flac,rossler,-5,1.0881,0.954,1.2982,0.1596,36,3,0.3339
8224-274384-0011.flac,rossler,0,1.1778,0.9131,1.3791,0.1312,18,4,0.3347
8224-274384-0011.flac,rossler,5,1.3296,0.933,1.2928,0.1511,19,4,0.3313
8224-274384-0011.flac,rossler,10,1.5839,0.9558,1.126,0.2179,16,4,0.3366
8224-274384-0011.flac,chen,-10,1.0972,0.8937,2.1299,0.0635,11,4,0.2943
8224-274384-0011.flac,chen,-5,1.1076,0.9311,2.2349,0.0581,12,4,0.2662
8224-274384-0011.flac,chen,0,1.1709,0.9532,2.1829,0.0606,13,4,0.264
8224-274384-0011.flac,chen,5,1.2982,0.9523,1.967,0.1029,13,4,0.2783
8224-274384-0011.flac,chen,10,1.5453,0.9642,1.6069,0.1634,14,4,0.2985
8224-274384-0011.flac,mackey_glass,-10,1.1173,0.9421,1.6332,0.1286,11,3,0.2838
8224-274384-0011.flac,mackey_glass,-5,1.1395,0.8677,2.1286,0.0717,12,4,0.3
8224-274384-0011.flac,mackey_glass,0,1.2162,0.9059,2.1155,0.0677,12,4,0.273
8224-274384-0011.flac,mackey_glass,5,1.3508,0.961,1.9633,0.0809,14,4,0.2678
8224-274384-0011.flac,mackey_glass,10,1.6025,0.9652,1.6147,0.1555,14,4,0.2911
8224-274384-0011.flac,duffing,-10,1.0495,0.9363,1.4351,0.1833,17,3,0.3355
8224-274384-0011.flac,duffing,-5,1.0912,0.9393,1.8708,0.0961,19,4,0.3085
8224-274384-0011.flac,duffing,0,1.1897,0.9563,1.8454,0.0933,21,4,0.2973
8224-274384-0011.flac,duffing,5,1.4322,0.9519,1.5527,0.114,15,4,0.3078
8224-274384-0011.flac,duffing,10,1.8386,0.9636,1.3345,0.1725,15,4,0.3186
5639-40744-0030.flac,logistic,-10,1.0234,0.9795,3.4696,0.0013,8,8,0.2
5639-40744-0030.flac,logistic,-5,1.0234,0.9796,3.3886,0.0017,6,8,0.1918
5639-40744-0030.flac,logistic,0,1.0246,0.9809,3.5051,0.0042,6,8,0.183
5639-40744-0030.flac,logistic,5,1.0286,0.9707,3.4875,0.0249,8,8,0.1817
5639-40744-0030.flac,logistic,10,1.0467,0.9659,3.4277,0.1458,10,8,0.1837
5639-40744-0030.flac,skew_tent,-10,1.0232,0.979,3.8529,0.001,12,8,0.2062
5639-40744-0030.flac,skew_tent,-5,1.0234,0.9782,3.5713,0.0016,7,8,0.1998
5639-40744-0030.flac,skew_tent,0,1.0247,0.9787,3.5146,0.0052,9,8,0.1907
5639-40744-0030.flac,skew_tent,5,1.0284,0.9742,3.5026,0.028,7,8,0.1852
5639-40744-0030.flac,skew_tent,10,1.043,0.966,3.7244,0.1561,11,8,0.1845
5639-40744-0030.flac,henon,-10,1.0248,0.9774,3.337,0.0015,14,8,0.2144
5639-40744-0030.flac,henon,-5,1.0244,0.9728,3.4069,0.0025,8,8,0.202
5639-40744-0030.flac,henon,0,1.0255,0.9758,3.5003,0.006,12,8,0.1899
5639-40744-0030.flac,henon,5,1.0293,0.9769,3.6128,0.0267,12,8,0.1824
5639-40744-0030.flac,henon,10,1.0461,0.944,2.8833,0.1437,3,8,0.2002
5639-40744-0030.flac,bernoulli,-10,4.5976,0.9849,0,1,15,4,0.4545
5639-40744-0030.flac,bernoulli,-5,4.6393,0.9849,0.0002,0.9482,15,4,0.4543
5639-40744-0030.flac,bernoulli,0,4.6434,0.9849,0.0552,0.7227,15,4,0.4404
5639-40744-0030.flac,bernoulli,5,4.6438,0.9849,1.2028,0.5702,15,4,0.3164
5639-40744-0030.flac,bernoulli,10,4.6438,0.9849,1.0529,0.4812,15,4,0.3243
5639-40744-0030.flac,ikeda,-10,1.0248,0.9815,3.7083,0.0014,12,8,0.1666
5639-40744-0030.flac,ikeda,-5,1.0244,0.98,3.5986,0.0019,8,8,0.1601
5639-40744-0030.flac,ikeda,0,1.0253,0.9801,3.5316,0.0062,7,8,0.1549
5639-40744-0030.flac,ikeda,5,1.03,0.9737,3.4778,0.0361,11,8,0.1548
5639-40744-0030.flac,ikeda,10,1.0499,0.9603,3.4073,0.1853,3,8,0.1648
5639-40744-0030.flac,lorenz,-10,1.057,0.9431,1.054,0.2545,17,3,0.3424
5639-40744-0030.flac,lorenz,-5,1.105,0.9547,1.1194,0.267,16,3,0.3265
5639-40744-0030.flac,lorenz,0,1.2123,0.9443,1.3974,0.2532,17,4,0.308
5639-40744-0030.flac,lorenz,5,1.4263,0.9798,1.2197,0.2617,19,4,0.2991
5639-40744-0030.flac,lorenz,10,1.8081,0.9839,1.3038,0.3561,19,4,0.2925
5639-40744-0030.flac,rossler,-10,1.0409,0.8715,1.2126,0.1777,27,3,0.4004
5639-40744-0030.flac,rossler,-5,1.0776,0.9344,1.2567,0.1942,36,3,0.3333
5639-40744-0030.flac,rossler,0,1.1843,0.8841,1.5514,0.176,38,4,0.3663
5639-40744-0030.flac,rossler,5,1.3789,0.9339,1.5017,0.2515,23,4,0.3085
5639-40744-0030.flac,rossler,10,1.6675,0.9518,1.6327,0.3478,17,4,0.2942
5639-40744-0030.flac,chen,-10,1.0829,0.8778,2.0161,0.074,11,4,0.3001
5639-40744-0030.flac,chen,-5,1.0946,0.8846,2.079,0.081,11,4,0.2944
5639-40744-0030.flac,chen,0,1.1542,0.9056,2.037,0.1095,11,4,0.2701
5639-40744-0030.flac,chen,5,1.2863,0.969,2.2974,0.1774,14,4,0.2447
5639-40744-0030.flac,chen,10,1.5399,0.9729,2.0196,0.308,14,4,0.2509
5639-40744-0030.flac,mackey_glass,-10,1.0984,0.9548,1.522,0.1444,12,3,0.2826
5639-40744-0030.flac,mackey_glass,-5,1.126,0.9745,1.5787,0.1448,13,3,0.2695
5639-40744-0030.flac,mackey_glass,0,1.2048,0.8778,1.92,0.1316,13,4,0.3096
5639-40744-0030.flac,mackey_glass,5,1.3502,0.9147,2.1183,0.196,13,4,0.2649
5639-40744-0030.flac,mackey_glass,10,1.5948,0.9307,2.1952,0.3353,13,4,0.2613
5639-40744-0030.flac,duffing,-10,1.0459,0.9594,1.5132,0.1448,31,3,0.323
5639-40744-0030.flac,duffing,-5,1.0963,0.89,1.8137,0.1179,21,4,0.3482
5639-40744-0030.flac,duffing,0,1.2033,0.918,1.8344,0.1289,22,4,0.3026
5639-40744-0030.flac,duffing,5,1.4493,0.939,1.6513,0.1909,21,4,0.293
5639-40744-0030.flac,duffing,10,1.8658,0.9543,1.5116,0.3525,16,4,0.2891
